playerID,G,AB,R,H,2B,3B,HR,RBI,SB,CS,BB,SO,IBB,HBP,SH,SF,GIDP,AVG,SLG
aardsda01,331,4,0,0,0,0,0,0,0,0,0,2,0,0,1,0,0,0.0,0.0
aaronha01,3298,12364,2174,3771,624,98,755,2297,240,73,1402,1383,293,32,21,121,328,0.30499838240051763,0.5545131025558072
aaronto01,437,944,102,216,42,6,13,94,9,8,86,145,3,0,9,6,36,0.2288135593220339,0.3273305084745763
aasedo01,448,5,0,0,0,0,0,0,0,0,0,3,0,0,0,0,0,0.0,0.0
abadan01,15,21,1,2,0,0,0,0,0,1,4,5,0,0,0,0,1,0.09523809523809523,0.09523809523809523
abadfe01,258,8,0,1,0,0,0,0,0,0,0,4,0,0,0,0,1,0.125,0.125
abadijo01,12,49,4,11,0,0,0,5,1,0,0,3,0,0,0,0,0,0.22448979591836735,0.22448979591836735
abbated01,855,3044,355,772,99,43,11,324,142,0,289,16,0,33,93,0,0,0.2536136662286465,0.3252299605781866
abbeybe01,79,225,21,38,3,3,0,17,3,0,21,54,0,0,4,0,0,0.1688888888888889,0.2088888888888889
abbeych01,451,1751,307,492,67,46,19,280,93,0,167,105,0,23,18,0,0,0.28098229583095374,0.40434037692747
abbotda01,3,7,0,1,0,1,0,1,1,0,0,0,0,0,0,0,0,0.14285714285714285,0.42857142857142855
abbotfr01,160,513,48,107,21,6,1,49,14,0,19,0,0,8,20,0,0,0.20857699805068225,0.2787524366471735
abbotgl01,248,0,0,0,0,0,0,0,0,0,0,0,0,0,0,0,0,,
abbotje01,233,596,82,157,33,2,18,83,6,5,38,91,2,3,5,7,12,0.2634228187919463,0.4161073825503356
abbotji01,263,21,0,2,0,0,0,3,0,0,0,10,0,0,3,0,1,0.09523809523809523,0.09523809523809523
abbotku01,702,2044,273,523,109,23,62,242,22,11,133,571,11,17,21,12,37,0.25587084148727984,0.4227005870841487
abbotky01,57,31,2,3,1,0,0,2,0,0,1,19,0,0,6,0,0,0.0967741935483871,0.12903225806451613
abbotod01,22,70,2,13,2,1,0,6,3,0,6,20,0,0,6,0,0,0.18571428571428572,0.24285714285714285
abbotpa01,162,20,2,5,1,0,0,2,0,0,0,6,0,0,5,0,0,0.25,0.3
aberal01,168,100,5,14,0,0,0,6,0,0,8,41,0,0,8,1,2,0.14,0.14
abercda01,1,4,0,0,0,0,0,0,0,0,0,0,0,0,0,0,0,0.0,0.0
abercre01,180,386,65,86,20,2,9,34,18,8,21,123,2,7,5,2,3,0.22279792746113988,0.3549222797927461
abernbi01,1,1,0,0,0,0,0,0,0,0,0,0,0,0,0,0,0,0.0,0.0
abernbr01,232,868,97,212,36,5,8,79,21,7,60,93,1,7,16,4,15,0.24423963133640553,0.3248847926267281
abernte01,7,5,0,1,0,0,0,0,0,0,1,3,0,0,0,0,0,0.2,0.2
abernte02,681,181,12,25,3,0,0,9,0,0,6,74,0,2,15,0,4,0.13812154696132597,0.15469613259668508
abernwo01,16,8,0,0,0,0,0,0,0,0,0,4,0,0,0,0,0,0.0,0.0
aberscl01,63,179,25,45,7,3,5,26,0,0,25,44,0,0,0,0,6,0.25139664804469275,0.40782122905027934
ablesha01,14,26,0,0,0,0,0,0,1,0,0,0,0,0,0,0,0,0.0,0.0
abnersh01,392,840,89,191,39,4,11,71,6,8,43,153,10,7,5,7,14,0.22738095238095238,0.32261904761904764
abramca01,567,1611,257,433,64,19,32,138,12,18,304,290,2,7,16,4,22,0.26877715704531346,0.39168218497827434
abramge01,3,1,0,1,0,0,0,0,0,0,0,0,0,0,0,0,0,1.0,1.0
abregjo01,6,9,0,0,0,0,0,1,0,0,0,2,0,0,0,0,0,0.0,0.0
abreubo01,2425,8480,1453,2470,574,59,288,1363,400,128,1476,1840,115,33,7,85,165,0.29127358490566035,0.47476415094339625
abreujo01,9,28,4,6,1,0,1,3,0,0,4,4,0,0,0,0,1,0.21428571428571427,0.35714285714285715
abreujo02,299,1169,168,354,69,5,66,208,3,1,90,271,26,26,0,5,30,0.3028229255774166,0.5397775876817793
abreuju01,7,0,0,0,0,0,0,0,0,0,0,0,0,0,0,0,0,,
abreuto01,224,579,61,147,39,6,6,60,2,4,22,116,2,5,1,8,20,0.2538860103626943,0.37305699481865284
abreuwi01,38,2,0,0,0,0,0,0,0,0,0,1,0,0,0,0,0,0.0,0.0
abstebi01,170,619,54,150,22,10,1,76,21,0,29,0,0,4,29,0,0,0.24232633279483037,0.3150242326332795
accarje01,262,7,0,1,0,0,0,0,0,0,0,1,0,0,0,0,0,0.14285714285714285,0.14285714285714285
aceveal01,204,2,0,0,0,0,0,0,0,0,0,1,0,0,0,0,0,0.0,0.0
acevejo01,104,101,2,8,2,0,0,4,0,0,5,61,0,1,12,1,2,0.07920792079207921,0.09900990099009901
aceveju01,367,65,4,6,2,0,0,0,0,0,3,33,0,0,6,0,2,0.09230769230769231,0.12307692307692308
achteaj01,18,0,0,0,0,0,0,0,0,0,0,0,0,0,0,0,0,,
ackerji01,467,54,2,9,1,0,0,1,0,0,2,32,0,0,0,0,1,0.16666666666666666,0.18518518518518517
ackerto01,153,77,10,5,0,0,0,2,0,0,12,46,0,1,6,0,1,0.06493506493506493,0.06493506493506493
ackledu01,607,2064,255,503,94,18,46,212,31,12,186,410,10,5,11,11,25,0.2437015503875969,0.373546511627907
acklefr01,5,6,0,2,1,0,0,1,0,0,1,4,0,0,0,0,0,0.3333333333333333,0.5
acostcy01,107,7,0,0,0,0,0,0,0,0,0,6,0,0,0,0,0,0.0,0.0
acosted01,57,29,1,1,0,0,0,0,0,0,1,15,0,0,0,0,0,0.034482758620689655,0.034482758620689655
acostjo01,55,60,4,9,1,0,0,1,1,0,11,22,0,0,3,0,0,0.15,0.16666666666666666
acostma01,233,6,0,0,0,0,0,0,0,0,1,4,0,0,0,0,0,0.0,0.0
acostme01,180,436,56,111,9,7,0,37,17,8,63,46,0,4,19,0,0,0.2545871559633027,0.3073394495412844
acrema01,114,0,0,0,0,0,0,0,0,0,0,0,0,0,0,0,0,,
adairje01,1165,4019,378,1022,163,19,57,366,29,29,208,499,31,17,41,30,149,0.25429211246578753,0.3468524508584225
adairji01,18,76,9,21,3,1,0,3,1,0,1,8,0,0,2,0,0,0.27631578947368424,0.34210526315789475
adamecr01,33,68,5,14,1,1,0,3,0,1,3,16,1,1,1,0,1,0.20588235294117646,0.25
adamsac01,302,99,9,12,0,0,0,2,0,0,6,14,0,0,8,0,2,0.12121212121212122,0.12121212121212122
adamsau01,34,1,0,0,0,0,0,0,0,0,0,0,0,0,0,0,1,0.0,0.0
adamsba01,482,1019,79,216,31,15,3,75,1,1,53,177,0,1,35,0,0,0.21197252208047104,0.2806673209028459
adamsbe01,267,678,37,137,17,4,2,45,9,0,23,79,0,1,23,0,0,0.20206489675516223,0.24778761061946902
adamsbo01,2,3,1,1,0,0,0,0,0,0,0,0,0,0,0,0,0,0.3333333333333333,0.3333333333333333
adamsbo02,5,3,0,0,0,0,0,0,0,0,0,0,0,0,0,0,0,0.0,0.0
adamsbo03,1281,4019,591,1082,188,49,37,303,67,30,414,447,1,17,78,5,62,0.2692211993033093,0.3680019905449117
adamsbo04,15,24,2,6,1,0,2,2,0,0,0,5,0,0,0,0,0,0.25,0.5416666666666666
adamsbu01,576,2003,282,532,96,12,50,249,12,0,234,281,0,13,42,0,35,0.2656015976035946,0.400399400898652
adamsda01,47,55,1,8,0,0,1,3,0,0,3,18,0,0,1,0,0,0.14545454545454545,0.2
adamsda02,43,140,10,27,5,1,2,13,0,0,9,43,0,2,1,0,4,0.19285714285714287,0.2857142857142857
adamsdi01,37,89,9,18,2,3,2,11,0,0,2,18,0,0,2,0,0,0.20224719101123595,0.3595505617977528
adamsdo01,8,14,1,3,0,0,0,1,0,0,1,3,0,0,0,0,1,0.21428571428571427,0.21428571428571427
adamsge01,4,13,0,3,0,0,0,0,0,0,1,1,0,0,0,0,0,0.23076923076923078,0.23076923076923078
adamsgl01,661,1617,152,452,79,5,34,225,6,10,111,183,8,4,9,19,47,0.2795299938157081,0.3976499690785405
adamshe01,95,337,39,88,8,6,0,18,4,2,22,24,0,2,3,0,5,0.26112759643916916,0.32047477744807124
adamsji01,1,4,0,1,0,0,0,0,0,0,0,0,0,0,0,0,0,0.25,0.25
adamsjo01,1,2,0,0,0,0,0,0,0,0,0,0,0,0,0,0,0,0.0,0.0
adamsjo02,44,10,0,3,1,0,0,1,0,0,0,0,0,0,1,0,1,0.3,0.4
adamska01,30,32,0,1,0,0,0,0,0,0,0,16,0,0,1,0,0,0.03125,0.03125
adamsla01,6,3,1,0,0,0,0,0,0,0,0,2,0,0,0,0,0,0.0,0.0
adamsma01,337,1084,123,299,63,5,39,156,4,3,64,259,6,3,0,8,22,0.275830258302583,0.4511070110701107
adamsmi01,11,6,1,2,0,1,0,1,0,0,0,4,0,0,1,0,0,0.3333333333333333,0.6666666666666666
adamsmi02,100,118,27,23,5,0,3,9,2,1,32,29,0,2,0,0,2,0.19491525423728814,0.3135593220338983
adamsmi03,410,2,0,0,0,0,0,0,0,0,0,0,0,0,0,0,0,0.0,0.0
adamsre01,8,1,0,0,0,0,0,0,0,0,0,0,0,0,0,0,0,0.0,0.0
adamsri01,11,23,1,4,0,0,0,0,0,0,4,0,0,0,0,0,0,0.17391304347826086,0.17391304347826086
adamsri02,120,247,35,53,5,1,4,16,3,2,10,37,3,5,7,0,5,0.2145748987854251,0.291497975708502
adamsru01,286,884,125,218,46,7,17,113,15,5,85,118,2,5,8,11,14,0.24660633484162897,0.3721719457013575
adamsry01,29,89,9,25,4,0,0,7,0,0,6,25,0,1,0,0,7,0.2808988764044944,0.3258426966292135
adamssp01,1424,5557,844,1588,249,48,9,394,154,50,453,223,0,28,136,0,14,0.2857657009177614,0.3527082958430808
adamssp02,180,395,61,101,16,5,0,38,5,10,38,50,0,2,12,0,0,0.25569620253164554,0.32151898734177214
adamste01,574,78,2,4,1,0,0,2,0,0,7,41,0,0,12,1,1,0.05128205128205128,0.0641025641025641
adamswi01,65,88,4,9,1,1,0,2,0,0,3,18,0,0,1,0,0,0.10227272727272728,0.13636363636363635
adamswi02,25,0,0,0,0,0,0,0,0,0,0,0,0,0,0,0,0,,
adcocjo01,1959,6606,823,1832,295,35,336,1122,20,25,594,1059,55,17,52,35,223,0.2773236451710566,0.48516500151377534
adcocna01,56,1,0,0,0,0,0,0,0,0,0,1,0,0,0,0,0,0.0,0.0
addisbo01,208,534,70,150,22,2,2,47,8,6,37,47,0,0,5,0,9,0.2808988764044944,0.3408239700374532
adducji01,70,144,11,34,8,1,1,15,0,1,2,27,0,0,1,3,1,0.2361111111111111,0.3263888888888889
adducji02,61,132,15,25,4,0,1,8,5,1,13,36,0,0,1,2,2,0.1893939393939394,0.24242424242424243
addybo01,274,1231,227,341,35,12,1,172,30,15,19,7,0,0,0,0,0,0.2770105605199025,0.3273761169780666
adenhni01,4,0,0,0,0,0,0,0,0,0,0,0,0,0,0,0,0,,
aderhmo01,106,262,36,70,7,3,3,32,3,1,19,29,0,0,0,0,1,0.26717557251908397,0.3511450381679389
adkinde01,38,22,2,5,1,0,1,3,0,0,0,10,0,0,1,0,0,0.22727272727272727,0.4090909090909091
adkindi01,3,7,2,1,0,0,0,0,0,0,2,2,0,0,0,0,0,0.14285714285714285,0.14285714285714285
adkindo01,6,12,1,2,0,0,0,0,0,0,0,0,0,0,0,0,0,0.16666666666666666,0.16666666666666666
adkingr01,76,116,9,21,3,3,0,6,1,0,6,26,0,1,10,0,0,0.1810344827586207,0.25862068965517243
adkinhe01,1,5,1,2,0,0,0,0,0,0,0,2,0,0,0,0,0,0.4,0.4
adkinjo01,119,1,0,0,0,0,0,0,0,0,0,1,0,0,0,0,0,0.0,0.0
adkinst01,5,0,0,0,0,0,0,0,0,0,0,0,0,0,0,0,0,,
adlesda01,106,256,9,43,3,1,1,11,0,0,18,80,5,2,2,1,9,0.16796875,0.19921875
adriaeh01,114,228,24,48,14,1,1,19,4,3,21,47,1,5,5,1,5,0.21052631578947367,0.29385964912280704
afenitr01,45,79,4,15,2,2,0,7,0,0,5,32,0,0,1,1,1,0.189873417721519,0.26582278481012656
affelje01,774,17,0,3,0,0,0,2,0,0,2,6,0,0,0,0,0,0.17647058823529413,0.17647058823529413
agbaybe01,383,1091,145,299,57,6,39,156,16,16,139,246,7,15,1,8,31,0.27406049495875345,0.44454628780934924
ageeto01,1129,3912,558,999,170,27,130,433,167,81,342,918,26,34,21,15,99,0.2553680981595092,0.41232106339468305
agganha01,157,517,65,135,23,9,11,67,8,3,57,67,0,0,7,6,9,0.2611218568665377,0.40425531914893614
aglerjo01,234,751,121,185,22,10,0,36,38,0,131,130,0,1,21,0,0,0.24633821571238348,0.3022636484687084
agnewsa01,563,1537,105,314,41,14,2,98,29,10,102,216,0,25,47,0,0,0.20429407937540664,0.2530904359141184
agostju01,543,20,0,2,0,0,0,0,0,0,1,7,0,0,1,0,0,0.1,0.1
aguaylu01,568,1104,142,260,43,10,37,109,7,5,94,220,12,20,14,12,27,0.23550724637681159,0.39311594202898553
aguilch01,149,230,26,53,13,2,3,16,2,2,16,61,1,0,2,0,3,0.23043478260869565,0.34347826086956523
aguilje01,26,52,2,10,1,0,0,5,0,0,4,20,0,1,0,1,1,0.19230769230769232,0.21153846153846154
aguilri01,737,139,12,28,3,0,3,11,0,0,6,37,0,0,16,0,1,0.2014388489208633,0.28776978417266186
aguirha01,447,388,14,33,7,1,0,21,1,0,14,236,0,0,24,1,4,0.08505154639175258,0.10824742268041238
ahearch01,1,4,1,1,0,0,0,0,0,0,0,0,0,0,0,0,0,0.25,0.25
ahearpa01,4,0,0,0,0,0,0,0,0,0,0,0,0,0,0,0,0,,
ahmedni01,159,491,58,109,19,6,10,38,4,6,32,91,1,1,7,3,6,0.2219959266802444,0.34623217922606925
aikenwi01,774,2492,301,675,125,2,110,415,3,6,319,444,42,18,0,27,87,0.27086677367576245,0.4550561797752809
aingeda01,211,665,57,146,19,4,2,37,12,5,37,128,2,4,12,3,16,0.21954887218045113,0.26917293233082706
ainsmed01,1078,3048,299,707,108,54,22,317,86,16,263,315,0,12,99,0,0,0.23195538057742782,0.3244750656167979
ainswku01,30,28,1,2,1,0,0,0,0,0,0,8,0,0,5,0,0,0.07142857142857142,0.10714285714285714
aitchra01,34,59,4,10,0,0,0,2,0,0,9,17,0,0,3,0,0,0.1694915254237288,0.1694915254237288
aitonge01,10,17,1,4,0,0,0,1,0,0,4,0,0,0,0,0,0,0.23529411764705882,0.23529411764705882
akejo01,13,52,1,10,0,1,0,2,0,0,0,0,0,1,0,0,0,0.19230769230769232,0.23076923076923078
akerfda01,125,9,0,1,0,0,0,0,0,0,0,6,0,0,0,0,0,0.1111111111111111,0.1111111111111111
akerja01,496,92,3,7,2,0,0,4,0,0,1,51,0,1,10,0,1,0.07608695652173914,0.09782608695652174
akersbi01,174,475,64,124,17,9,11,69,7,6,63,64,0,1,14,0,0,0.26105263157894737,0.40421052631578946
akersje01,5,6,0,2,0,0,0,0,0,0,0,0,0,0,0,0,0,0.3333333333333333,0.3333333333333333
albagi01,3,0,0,0,0,0,0,0,0,0,0,0,0,0,0,0,0,,
albaljo01,66,0,0,0,0,0,0,0,0,0,0,0,0,0,0,0,0,,
albanjo01,6,0,0,0,0,0,0,0,0,0,0,0,0,0,0,0,0,,
alberan01,11,0,0,0,0,0,0,0,0,0,0,0,0,0,0,0,0,,
alberbu01,6,18,1,5,1,0,0,0,0,0,0,2,0,0,0,0,0,0.2777777777777778,0.3333333333333333
albercy01,4,7,0,0,0,0,0,0,0,0,2,3,0,0,1,0,0,0.0,0.0
albergu01,120,426,62,84,10,6,1,50,27,0,52,5,0,9,0,0,0,0.19718309859154928,0.25586854460093894
alberha01,41,99,12,22,2,1,0,4,1,0,2,17,0,0,3,0,2,0.2222222222222222,0.26262626262626265
alberjo01,27,0,0,0,0,0,0,0,0,0,0,0,0,0,0,0,0,,
alberma01,394,34,0,2,0,0,0,0,0,0,0,21,0,0,3,0,0,0.058823529411764705,0.058823529411764705
albosed01,19,12,0,1,0,0,0,0,0,0,0,7,0,0,0,0,1,0.08333333333333333,0.08333333333333333
albreed01,3,3,0,0,0,0,0,0,0,0,1,1,0,0,0,0,1,0.0,0.0
albrija01,41,99,9,23,4,0,2,5,1,0,10,11,0,0,3,0,2,0.23232323232323232,0.3333333333333333
albural01,241,0,0,0,0,0,0,0,0,0,0,0,0,0,0,0,0,,
alburvi01,102,1,0,0,0,0,0,0,0,0,0,1,0,0,0,0,0,0.0,0.0
alcalsa01,68,71,6,8,1,0,1,4,0,0,2,41,0,0,7,0,0,0.11267605633802817,0.16901408450704225
alcanar01,81,304,36,59,11,2,10,30,9,5,22,104,0,2,2,2,3,0.19407894736842105,0.34210526315789475
alcanis01,51,115,15,31,3,0,6,15,1,1,6,26,0,0,0,0,3,0.26956521739130435,0.45217391304347826
alcarlu01,115,365,30,70,9,2,4,29,2,2,21,58,2,0,2,2,7,0.1917808219178082,0.2602739726027397
alcocsc01,54,156,12,27,4,2,0,7,4,2,7,14,0,1,5,0,0,0.17307692307692307,0.22435897435897437
alderda01,16,7,0,0,0,0,0,0,0,0,0,2,0,0,0,0,0,0.0,0.0
aldremi01,930,2147,277,565,104,9,41,271,19,18,314,381,29,5,14,18,43,0.2631578947368421,0.37727061015370283
aldresc01,229,1,0,0,0,0,0,0,0,0,0,1,0,0,0,0,0,0.0,0.0
aldrico01,13,18,1,1,0,1,0,1,0,0,0,9,0,0,0,0,0,0.05555555555555555,0.16666666666666666
aldrija01,62,1,0,0,0,0,0,0,0,0,0,1,0,0,0,0,0,0.0,0.0
aldrivi01,248,581,46,133,14,4,2,60,2,0,10,41,0,0,32,0,0,0.2289156626506024,0.27710843373493976
alenoch01,118,320,34,67,11,3,2,34,3,0,31,35,0,1,4,0,7,0.209375,0.28125
alexabo01,9,1,0,0,0,0,0,0,0,0,0,1,0,0,0,0,0,0.0,0.0
alexada01,662,2450,369,811,164,30,61,459,20,28,248,197,0,6,32,0,0,0.3310204081632653,0.49714285714285716
alexado01,562,265,19,44,8,0,0,17,0,0,9,77,0,1,23,2,7,0.1660377358490566,0.19622641509433963
alexaga01,432,1276,169,293,45,11,55,202,8,12,154,381,12,5,4,19,34,0.22962382445141066,0.4114420062695925
alexage01,36,0,0,0,0,0,0,0,0,0,0,0,0,0,0,0,0,,
alexahu01,7,11,0,1,0,0,0,0,1,0,0,5,0,0,0,0,0,0.09090909090909091,0.09090909090909091
alexama01,374,168,111,36,4,2,0,4,103,42,18,26,1,1,8,0,2,0.21428571428571427,0.2619047619047619
alexama02,594,1271,166,293,50,12,15,115,37,10,86,276,7,7,19,4,17,0.23052714398111723,0.3241542092840283
alexani01,20,69,2,9,0,0,0,0,0,0,1,0,0,0,0,0,0,0.13043478260869565,0.13043478260869565
alexape01,703,1810,154,378,60,13,11,163,3,5,77,276,0,2,88,0,0,0.20883977900552486,0.274585635359116
alexasc01,4,0,0,0,0,0,0,0,0,0,0,0,0,0,0,0,0,,
alexawa01,162,405,26,76,18,3,1,24,5,1,42,83,0,4,16,0,0,0.18765432098765433,0.254320987654321
alfarja01,7,11,1,2,0,0,0,0,0,0,0,5,0,0,1,0,1,0.18181818181818182,0.18181818181818182
alfonan01,592,14,0,2,0,0,0,2,0,0,0,8,0,0,1,0,0,0.14285714285714285,0.14285714285714285
alfoned01,1506,5385,777,1532,282,18,146,744,53,17,596,617,22,41,31,55,110,0.28449396471680594,0.42488393686165277
alfonel01,193,591,44,142,24,3,17,67,1,2,17,158,9,9,4,3,17,0.24027072758037224,0.377326565143824
alicelu01,1341,3971,551,1031,189,53,47,422,81,50,500,624,25,48,49,45,74,0.25963233442457817,0.36942835557794007
allanan01,512,1486,145,357,48,4,16,140,23,18,87,223,4,9,35,16,27,0.24024226110363392,0.310228802153432
allarbr01,19,0,0,0,0,0,0,0,0,0,0,0,0,0,0,0,0,,
allenbe01,1139,3404,357,815,140,21,73,351,13,16,370,424,52,8,24,17,60,0.23942420681551116,0.3572267920094007
allenbo01,606,2211,337,532,77,44,14,306,53,0,297,209,0,13,3,0,0,0.24061510628674807,0.3342379014020805
allenbo02,9,22,3,3,1,0,0,0,0,0,3,7,0,1,0,0,0,0.13636363636363635,0.18181818181818182
allenbo03,3,3,1,1,0,0,0,0,0,0,0,1,0,0,0,0,0,0.3333333333333333,0.3333333333333333
allenbo04,204,31,0,4,1,0,0,0,0,0,1,16,0,0,2,0,0,0.12903225806451613,0.16129032258064516
allenbr01,116,344,44,70,19,2,12,41,3,0,42,137,6,1,0,2,4,0.20348837209302326,0.375
allench01,267,851,102,229,44,8,14,84,15,13,63,173,2,4,5,5,22,0.2690951821386604,0.3889541715628672
allenco01,250,0,0,0,0,0,0,0,0,0,0,0,0,0,0,0,0,,
allendi01,1749,6332,1099,1848,320,79,351,1119,133,52,894,1556,138,16,19,53,164,0.29185091598231205,0.5336386607706886
allendu01,27,28,5,7,2,0,2,2,0,0,4,12,0,0,0,0,1,0.25,0.5357142857142857
allenet01,1281,4418,623,1325,255,45,47,501,84,4,223,310,0,14,110,0,38,0.29990946129470347,0.40991398822996833
allenfr01,181,288,23,39,8,6,2,25,1,0,35,126,0,1,14,0,0,0.13541666666666666,0.22569444444444445
allenga01,416,1061,114,235,49,2,19,131,3,7,130,192,3,5,15,11,35,0.22148916116870876,0.32516493873704055
allenha01,16,66,8,18,1,0,0,7,0,0,0,1,0,0,0,0,0,0.2727272727272727,0.2878787878787879
allenha02,389,881,104,212,27,9,6,57,15,9,49,128,5,2,2,4,30,0.24063564131668558,0.31214528944381387
allenhe01,1,3,0,2,0,0,0,0,0,0,0,0,0,0,0,0,0,0.6666666666666666,0.6666666666666666
allenho01,4,7,0,0,0,0,0,0,0,0,0,2,0,0,0,0,0,0.0,0.0
allenja01,27,108,14,16,3,2,0,7,0,0,2,14,0,0,0,0,0,0.14814814814814814,0.21296296296296297
allenja02,86,273,23,61,10,0,4,21,6,5,33,52,0,1,6,0,8,0.22344322344322345,0.304029304029304
allenje01,342,1031,155,268,49,8,15,114,42,20,104,228,1,24,21,10,9,0.25994180407371487,0.36663433559650827
allenjo01,1,0,0,0,0,0,0,0,0,0,0,0,0,0,0,0,0,,
allenjo02,365,716,82,124,12,3,4,64,1,0,33,155,0,0,36,0,8,0.17318435754189945,0.21508379888268156
allenki01,42,54,10,12,3,0,0,3,12,4,8,5,2,1,2,0,1,0.2222222222222222,0.2777777777777778
allenll01,159,40,2,8,1,0,1,1,0,0,0,14,0,0,3,0,1,0.2,0.3
allenlu01,8,9,2,1,1,0,0,0,0,0,2,3,0,0,0,0,1,0.1111111111111111,0.2222222222222222
allenmy01,156,606,89,157,28,14,4,88,30,0,45,3,0,6,0,0,0,0.2590759075907591,0.3712871287128713
allenne01,434,115,3,15,2,2,0,7,0,0,3,51,0,0,11,0,0,0.13043478260869565,0.1826086956521739
allenni01,216,500,41,116,13,5,0,36,8,0,33,73,0,6,10,0,0,0.232,0.278
allenpe01,1,4,0,0,0,0,0,0,0,0,0,0,0,0,0,0,0,0.0,0.0
allenro01,7,11,2,1,0,0,1,1,0,0,3,5,0,0,0,0,1,0.09090909090909091,0.36363636363636365
allenro02,31,50,8,11,2,0,0,3,1,0,2,11,0,1,1,0,0,0.22,0.26
allensl01,14,23,3,3,1,0,0,1,0,0,1,0,0,2,1,0,0,0.13043478260869565,0.17391304347826086
alleyge01,1195,3927,442,999,140,44,55,342,63,30,300,622,62,27,56,22,95,0.25439266615737205,0.3544690603514133
alliebo01,21,45,4,8,1,0,1,2,0,0,1,6,1,0,1,0,1,0.17777777777777778,0.26666666666666666
alliega01,121,418,38,83,8,6,3,30,1,1,56,84,0,2,3,3,3,0.19856459330143542,0.2679425837320574
allisan01,24,93,11,15,3,0,0,9,0,0,0,3,0,0,0,0,0,0.16129032258064516,0.1935483870967742
allisar01,168,740,106,188,19,8,1,70,10,3,5,18,0,0,0,0,0,0.25405405405405407,0.3054054054054054
allisbi01,5,19,5,3,0,0,0,1,0,0,0,1,0,0,0,0,0,0.15789473684210525,0.15789473684210525
allisbo01,1541,5032,811,1281,216,53,256,796,84,50,795,1033,30,34,25,35,115,0.25457074721780604,0.47118441971383146
allisda01,11,0,0,0,0,0,0,0,0,0,0,0,0,0,0,0,0,,
allisdo01,318,1407,236,381,43,10,2,140,5,2,22,40,0,0,0,0,0,0.27078891257995735,0.31982942430703626
allisma01,45,76,3,9,0,0,0,1,0,0,2,9,0,0,1,0,0,0.11842105263157894,0.11842105263157894
allismi01,49,60,15,13,0,0,0,0,4,0,15,9,0,0,3,0,0,0.21666666666666667,0.21666666666666667
allrebe01,65,165,19,38,7,0,4,15,2,2,29,48,2,1,3,2,1,0.23030303030303031,0.34545454545454546
almadme01,646,2483,363,706,107,27,15,197,56,27,214,150,0,5,35,0,4,0.28433346757954087,0.36729762384212644
almanar01,254,4,0,0,0,0,0,0,0,0,0,2,0,0,2,0,1,0.0,0.0
almanca01,210,4,0,0,0,0,0,0,0,0,0,3,0,0,0,0,1,0.0,0.0
almeira01,102,285,32,77,13,6,3,46,7,0,25,40,0,3,11,0,0,0.27017543859649124,0.3894736842105263
almonab01,166,508,65,124,26,6,10,48,12,4,39,133,0,1,7,5,12,0.2440944881889764,0.3779527559055118
almonbi01,1236,3330,390,846,138,25,36,296,128,60,250,636,24,6,44,29,53,0.25405405405405407,0.3429429429429429
almoned01,12,1,0,0,0,0,0,0,0,0,0,0,0,0,0,0,1,0.0,0.0
almoner01,55,133,18,31,7,0,2,14,3,0,8,29,0,1,2,0,5,0.23308270676691728,0.3308270676691729
almonhe01,50,1,0,0,0,0,0,0,0,0,0,1,0,0,0,0,0,0.0,0.0
almonmi01,9,0,0,0,0,0,0,0,0,0,0,0,0,0,0,0,0,,
almonzo01,47,142,11,30,4,0,2,12,4,1,6,33,0,0,0,1,3,0.2112676056338028,0.28169014084507044
alomalu01,116,48,2,8,1,0,0,3,0,0,1,17,0,0,2,0,1,0.16666666666666666,0.1875
alomaro01,2379,9073,1508,2724,504,80,210,1134,474,114,1032,1140,62,50,148,97,206,0.30023145596825745,0.4428524192659539
alomasa01,1481,4760,558,1168,126,19,13,282,227,80,302,482,17,3,77,18,58,0.2453781512605042,0.2880252100840336
alomasa02,1377,4530,520,1236,249,10,112,588,25,24,212,499,15,41,48,34,132,0.2728476821192053,0.406401766004415
alonsyo01,508,1621,169,443,93,2,32,183,17,6,163,263,18,9,1,17,47,0.2732880937692782,0.39235040098704504
aloufe01,2082,7339,985,2101,359,49,206,852,107,67,423,706,67,57,33,56,135,0.2862787845755553,0.4327565063360131
alouje01,1380,4345,448,1216,170,26,32,377,31,46,138,267,32,30,44,20,143,0.2798619102416571,0.3530494821634062
alouma01,1667,5789,780,1777,236,50,31,427,156,80,311,377,38,36,55,29,101,0.30696147866643636,0.381067541889791
aloumo01,1942,7037,1109,2134,421,39,332,1287,106,37,737,894,91,48,9,82,195,0.30325422765382976,0.5157027142248117
alperwh01,450,1632,134,387,60,36,7,141,27,0,30,0,0,39,57,0,0,0.23713235294117646,0.33088235294117646
alstode01,189,332,48,79,7,4,3,35,20,21,28,44,3,2,7,5,4,0.23795180722891565,0.3102409638554217
alstoga01,6,1,0,0,0,0,0,0,0,0,0,0,0,0,0,0,0,0.0,0.0
alstoto01,91,271,30,66,15,2,4,36,3,5,25,46,0,2,0,1,6,0.24354243542435425,0.35793357933579334
alstowa01,1,1,0,0,0,0,0,0,0,0,0,1,0,0,0,0,0,0.0,0.0
altampo01,65,8,1,1,0,0,0,0,0,0,0,0,0,0,0,0,0,0.125,0.125
altener01,14,3,0,0,0,0,0,0,0,0,0,0,0,0,0,0,0,0.0,0.0
altenje01,19,31,3,9,1,1,0,3,0,0,1,5,0,0,1,0,0,0.2903225806451613,0.3870967741935484
altheaa01,41,142,25,33,11,4,5,22,6,2,16,43,0,5,1,2,3,0.2323943661971831,0.47183098591549294
altizda01,514,1734,204,433,36,21,4,116,119,0,140,5,0,33,84,0,0,0.2497116493656286,0.3016147635524798
altmage01,991,3091,409,832,132,34,101,403,52,22,268,572,38,20,19,21,43,0.26916855386606275,0.43189906179230025
altobjo01,166,257,27,54,8,3,5,28,3,3,23,42,0,2,5,3,3,0.21011673151750973,0.3229571984435798
altroni01,230,550,52,97,9,1,2,27,5,1,29,0,0,11,15,0,0,0.17636363636363636,0.20727272727272728
altuvjo01,668,2721,341,830,162,14,36,226,169,49,146,308,20,24,17,24,74,0.30503491363469315,0.4145534729878721
alusige01,298,652,75,167,31,2,23,93,1,2,73,103,3,4,4,4,16,0.2561349693251534,0.4156441717791411
alvarab01,4,1,0,0,0,0,0,0,0,0,0,1,0,0,0,0,0,0.0,0.0
alvarcl01,2,5,1,1,0,0,0,0,0,0,0,1,0,0,0,0,0,0.2,0.2
alvarda01,10,0,0,0,0,0,0,0,0,0,0,0,0,0,0,0,0,,
alvarda02,12,29,3,7,1,0,1,1,0,0,2,8,0,0,0,0,0,0.2413793103448276,0.3793103448275862
alvarga01,92,266,22,59,15,0,7,33,1,4,24,76,1,2,0,2,2,0.22180451127819548,0.35714285714285715
alvarhe01,92,94,5,22,4,0,1,9,0,0,1,34,0,0,12,2,0,0.23404255319148937,0.30851063829787234
alvarjo01,99,11,0,3,0,0,0,0,0,0,1,2,0,0,3,0,0,0.2727272727272727,0.2727272727272727
alvarjo02,80,1,0,0,0,0,0,0,0,0,1,0,0,0,0,0,0,0.0,0.0
alvarju01,80,0,0,0,0,0,0,0,0,0,0,0,0,0,0,0,0,,
alvarlu01,463,1160,116,248,43,4,5,84,11,10,49,160,10,3,14,5,27,0.21379310344827587,0.2706896551724138
alvaror01,25,51,4,8,2,0,2,8,0,0,0,5,0,0,0,0,0,0.1568627450980392,0.3137254901960784
alvaros01,95,198,20,42,3,0,0,5,1,1,16,27,0,0,5,0,1,0.21212121212121213,0.22727272727272727
alvarpe01,742,2500,300,590,108,6,131,401,14,3,259,809,30,11,1,13,63,0.236,0.4412
alvarrj01,31,0,0,0,0,0,0,0,0,0,0,0,0,0,0,0,0,,
alvarro01,17,37,2,7,0,0,0,2,0,0,1,13,0,0,0,0,0,0.1891891891891892,0.1891891891891892
alvarta01,19,16,1,2,0,0,0,0,0,0,0,5,0,0,3,0,0,0.125,0.125
alvarto01,38,64,11,16,4,0,2,10,1,0,7,12,0,1,1,2,1,0.25,0.40625
alvarvi01,9,2,0,0,0,0,0,0,0,0,0,2,0,0,0,0,0,0.0,0.0
alvarwi01,355,95,6,13,0,0,0,1,0,0,4,33,0,0,5,0,4,0.1368421052631579,0.1368421052631579
alvisma01,1013,3629,421,895,142,22,111,373,43,46,262,662,25,35,36,22,70,0.24662441443923946,0.38963901901350234
alvorbi01,265,1069,129,270,31,30,3,109,27,0,44,83,0,1,0,0,0,0.25257249766136575,0.3461178671655753
alyeabr01,371,866,100,214,33,2,38,148,5,7,100,210,7,6,0,10,36,0.2471131639722864,0.4214780600461894
amalfjo01,643,1715,248,418,67,19,9,123,19,26,185,224,9,12,17,8,37,0.24373177842565596,0.3206997084548105
amarari01,727,1788,305,493,82,10,11,159,112,39,176,277,1,16,29,13,37,0.2757270693512304,0.3512304250559284
amarial01,541,1442,140,328,55,16,18,139,29,8,94,231,11,4,21,14,22,0.2274618585298197,0.32524271844660196
amaroru01,940,2155,211,505,75,13,8,156,11,14,227,280,24,10,47,12,53,0.23433874709976799,0.2923433874709977
amaroru02,485,927,99,218,43,9,16,100,15,10,88,128,2,16,11,8,22,0.23516720604099245,0.35275080906148865
amblewa01,271,782,60,175,39,2,0,73,4,1,83,64,0,0,25,0,10,0.2237851662404092,0.27877237851662406
ambrech01,80,189,28,44,9,0,4,10,4,2,23,48,1,2,3,1,5,0.2328042328042328,0.3439153439153439
ambrihe01,96,0,0,0,0,0,0,0,0,0,0,0,0,0,0,0,0,,
amelued01,42,57,7,11,0,0,0,4,3,2,2,8,0,0,1,0,2,0.19298245614035087,0.19298245614035087
amesre01,533,1014,52,143,10,7,3,63,5,1,61,204,0,0,47,0,0,0.14102564102564102,0.17357001972386588
amesst01,4,0,0,0,0,0,0,0,0,0,0,0,0,0,0,0,0,,
amezaal01,584,1408,173,348,47,19,12,110,49,26,112,223,7,14,28,8,21,0.2471590909090909,0.3330965909090909
amoledo01,18,48,5,5,0,0,0,5,0,0,2,0,0,2,0,0,0,0.10416666666666667,0.10416666666666667
amorosa01,517,1311,215,334,55,23,43,180,18,15,211,189,16,11,18,7,23,0.2547673531655225,0.4302059496567506
amorvi01,13,6,0,1,0,0,0,0,0,0,0,1,0,0,0,0,0,0.16666666666666666,0.16666666666666666
anckewa01,4,6,0,0,0,0,0,0,0,0,0,4,0,0,0,0,0,0.0,0.0
anderal01,126,390,56,93,11,3,1,17,6,0,33,49,0,1,5,0,7,0.23846153846153847,0.28974358974358977
anderal02,150,1,0,0,0,0,0,0,0,0,0,1,0,0,0,0,0,0.0,0.0
anderan01,122,223,23,41,8,1,2,17,0,1,22,36,0,0,3,0,11,0.18385650224215247,0.2556053811659193
anderbi01,2,1,0,0,0,0,0,0,0,0,0,0,0,0,0,0,0,0.0,0.0
anderbo01,247,246,18,33,2,1,2,12,0,0,10,107,0,2,15,1,2,0.13414634146341464,0.17479674796747968
anderbr01,1834,6499,1062,1661,338,67,210,761,315,100,960,1190,59,154,74,50,65,0.2555777811971072,0.4251423295891676
anderbr02,308,255,15,35,5,3,1,10,2,0,7,57,0,1,22,3,5,0.13725490196078433,0.19215686274509805
anderbr03,355,799,108,181,47,1,22,80,13,14,65,208,2,8,7,4,15,0.2265331664580726,0.3704630788485607
anderbr04,123,65,1,6,3,0,0,4,0,0,5,41,0,0,10,0,2,0.09230769230769231,0.13846153846153847
anderbr05,40,68,4,15,4,0,0,7,1,0,4,19,0,2,1,2,1,0.22058823529411764,0.27941176470588236
anderbu01,64,0,0,0,0,0,0,0,0,0,0,0,0,0,0,0,0,,
anderch01,50,82,0,6,0,0,0,3,0,0,1,37,0,1,14,0,2,0.07317073170731707,0.07317073170731707
anderco01,15,3,0,0,0,0,0,0,0,0,0,3,0,0,0,0,0,0.0,0.0
andercr01,82,47,4,7,1,0,0,0,0,0,1,14,0,0,3,0,0,0.14893617021276595,0.1702127659574468
anderda01,21,62,6,6,1,0,0,0,0,0,1,15,0,2,0,0,0,0.0967741935483871,0.11290322580645161
anderda02,873,2026,244,490,73,12,19,143,49,30,206,331,17,5,37,13,49,0.2418558736426456,0.31786771964461996
anderdr01,9,9,3,1,0,0,0,0,0,0,1,4,0,0,0,0,0,0.1111111111111111,0.1111111111111111
anderdw01,149,306,33,62,6,2,1,14,2,2,32,70,2,2,2,0,6,0.20261437908496732,0.24509803921568626
anderfe01,97,234,20,61,12,0,2,15,1,0,18,25,0,4,7,0,6,0.2606837606837607,0.33760683760683763
anderfr01,180,312,17,41,6,1,0,12,0,0,10,98,0,1,13,0,0,0.13141025641025642,0.15705128205128205
anderga01,2228,8640,1084,2529,522,36,287,1365,80,47,429,1224,104,8,13,87,197,0.29270833333333335,0.46111111111111114
anderge01,269,1007,148,289,40,17,5,69,36,0,98,111,0,15,19,0,0,0.2869910625620655,0.3753723932472691
andergo01,127,413,73,85,3,1,1,12,27,0,80,0,0,6,11,0,0,0.20581113801452786,0.22518159806295399
anderha01,9,32,4,8,0,0,0,2,0,1,0,1,0,0,1,0,0,0.25,0.25
anderha02,484,1586,199,419,82,16,60,242,3,6,159,291,32,16,9,15,29,0.26418663303909207,0.44955863808322827
anderja01,32,0,0,0,0,0,0,0,0,0,0,0,0,0,0,0,0,,
anderji01,419,970,107,211,35,2,13,86,9,13,81,130,2,5,29,6,23,0.2175257731958763,0.2979381443298969
anderji02,122,170,11,23,3,0,0,6,0,0,8,44,0,0,15,0,1,0.13529411764705881,0.15294117647058825
anderjo01,1635,6341,870,1841,328,124,49,976,338,0,310,55,0,53,64,0,0,0.2903327550859486,0.4043526257688062
anderjo02,24,5,0,0,0,0,0,0,0,0,1,3,0,0,0,0,0,0.0,0.0
anderjo03,179,486,73,132,17,5,4,47,36,7,26,82,2,4,2,1,8,0.2716049382716049,0.35185185185185186
anderke01,135,366,43,95,12,2,1,22,1,4,30,61,1,2,10,1,8,0.25956284153005466,0.3114754098360656
anderla01,16,0,0,0,0,0,0,0,0,0,0,0,0,0,0,0,0,,
anderla02,699,38,4,5,0,0,0,0,0,0,3,15,0,0,4,0,0,0.13157894736842105,0.13157894736842105
anderla03,30,48,7,8,1,0,0,4,0,0,7,14,0,0,0,1,1,0.16666666666666666,0.1875
anderma01,257,0,0,0,0,0,0,0,0,0,0,0,0,0,0,0,0,,
anderma02,1151,3204,392,849,174,20,63,371,71,24,227,471,28,15,31,31,60,0.2649812734082397,0.39076154806491886
andermi01,721,1490,159,367,67,11,28,134,8,12,161,343,25,4,7,13,32,0.24630872483221478,0.3624161073825503
andermi02,3,1,0,0,0,0,0,0,0,0,0,0,0,0,0,0,0,0.0,0.0
anderre01,36,39,1,11,0,1,0,1,0,0,2,12,0,0,2,0,0,0.28205128205128205,0.3333333333333333
anderri01,6,0,0,0,0,0,0,0,0,0,0,0,0,0,0,0,0,,
anderri02,28,11,1,1,0,0,0,0,0,0,0,4,0,0,1,0,0,0.09090909090909091,0.09090909090909091
andersc01,18,4,0,0,0,0,0,0,0,0,0,3,0,0,1,0,0,0.0,0.0
andersp01,152,477,42,104,9,3,0,34,6,9,42,53,1,1,5,2,15,0.2180293501048218,0.24947589098532494
anderva01,41,114,25,34,3,3,0,18,0,0,10,12,0,1,1,0,0,0.2982456140350877,0.37719298245614036
anderwa01,17,11,0,3,0,0,0,0,0,0,1,6,0,0,1,0,0,0.2727272727272727,0.2727272727272727
anderwi01,7,5,1,1,0,0,0,0,0,0,0,0,0,0,0,0,0,0.2,0.2
andinro01,468,1320,157,306,58,1,18,96,24,12,113,309,2,6,21,7,42,0.2318181818181818,0.3181818181818182
andrast01,4,0,0,0,0,0,0,0,0,0,0,0,0,0,0,0,0,,
andrecl01,8,3,0,0,0,0,0,0,0,0,0,2,0,0,0,0,0,0.0,0.0
andreed01,774,3233,602,830,117,26,12,278,205,0,194,245,0,9,0,0,0,0.2567274976801732,0.3201360965047943
andreel01,6,0,0,0,0,0,0,0,0,0,0,0,0,0,0,0,0,,
andreer01,15,41,0,4,2,0,0,1,0,0,3,5,0,0,0,0,1,0.0975609756097561,0.14634146341463414
andrefr01,16,29,4,8,0,1,0,2,2,1,3,5,0,1,0,1,1,0.27586206896551724,0.3448275862068966
andrehu01,8,0,0,0,0,0,0,0,0,0,0,0,0,0,0,0,0,,
andreiv01,253,319,26,59,9,0,0,29,0,0,18,62,0,0,17,0,0,0.18495297805642633,0.21316614420062696
andreji01,53,202,32,38,4,2,3,17,11,0,23,41,0,2,0,0,0,0.18811881188118812,0.2722772277227723
andrejo01,22,9,0,1,0,0,0,0,0,0,0,4,0,0,0,0,0,0.1111111111111111,0.1111111111111111
andrejo02,16,2,0,1,0,0,0,0,0,0,0,0,0,0,0,0,0,0.5,0.5
andreki01,2,2,0,1,0,0,0,0,0,0,0,0,0,0,0,0,0,0.5,0.5
andremi01,893,3116,441,803,140,4,66,316,18,25,458,390,12,16,72,23,50,0.25770218228498076,0.36874197689345317
andrena01,128,240,8,35,5,0,0,16,0,0,23,66,0,0,19,0,2,0.14583333333333334,0.16666666666666666
andrero01,493,1454,174,365,30,15,3,91,33,16,148,121,6,0,27,12,35,0.25103163686382396,0.2984869325997249
andresh01,569,1704,196,375,76,4,86,263,7,10,191,515,17,7,3,19,35,0.22007042253521128,0.42077464788732394
andrest01,70,149,11,32,2,1,1,12,2,0,8,16,0,1,0,0,3,0.21476510067114093,0.26174496644295303
andrewa01,40,142,22,28,11,4,0,14,5,0,17,0,0,0,0,0,0,0.19718309859154928,0.33098591549295775
andrima01,25,1,0,0,0,0,0,0,0,0,0,0,0,0,0,0,0,0.0,0.0
andrubi01,6,9,0,0,0,0,0,1,0,0,0,3,0,0,0,0,0,0.0,0.0
andruel01,1074,4119,573,1113,176,30,27,367,217,75,361,614,2,30,95,29,96,0.27021121631463946,0.3471716436028162
andrufr01,9,41,9,12,3,0,0,2,0,0,1,5,0,0,0,0,0,0.2926829268292683,0.36585365853658536
andruwi01,1,4,0,0,0,0,0,0,0,0,0,1,0,0,0,0,0,0.0,0.0
andujjo01,407,607,31,77,12,2,5,38,7,3,30,315,0,0,51,1,7,0.12685337726523888,0.17792421746293247
andujlu01,35,0,0,0,0,0,0,0,0,0,0,0,0,0,0,0,0,,
angelno01,28,2,0,0,0,0,0,0,0,0,0,0,0,0,0,0,0,0.0,0.0
anglema01,31,79,12,14,4,0,1,7,11,1,12,13,0,1,3,0,0,0.17721518987341772,0.26582278481012656
angleto01,5,16,1,4,1,0,0,6,0,0,2,2,0,0,3,0,0,0.25,0.3125
ankenpa01,15,29,2,7,1,0,0,3,0,0,0,5,0,0,2,0,1,0.2413793103448276,0.27586206896551724
ankieri01,653,1921,260,462,101,10,76,251,21,12,162,555,13,12,8,12,31,0.2404997397188964,0.4221759500260281
annade01,13,23,3,3,1,0,1,3,0,0,2,6,0,0,0,1,0,0.13043478260869565,0.30434782608695654
annisbi01,27,96,17,17,2,0,0,3,0,0,0,8,0,0,0,0,0,0.17708333333333334,0.19791666666666666
ansonca01,2523,10277,1996,3418,581,142,97,2076,276,16,983,302,0,32,27,0,0,0.3325873309331517,0.4450715189257565
anthoer01,682,1999,249,462,81,8,78,269,24,14,217,491,22,5,3,19,34,0.23111555777888945,0.3966983491745873
antoljo01,4,6,1,2,0,0,0,0,0,0,1,0,0,0,0,0,0,0.3333333333333333,0.3333333333333333
antonbi01,40,43,9,7,1,1,1,4,0,0,2,11,0,0,0,0,1,0.16279069767441862,0.3023255813953488
antonjo01,135,528,50,133,28,2,1,29,1,0,24,29,0,2,6,0,14,0.2518939393939394,0.3181818181818182
antonjo02,403,679,56,121,12,3,15,59,1,0,26,175,0,1,35,3,15,0.17820324005891017,0.2709867452135493
antonma01,21,57,6,11,2,0,1,3,0,0,5,11,1,3,0,0,1,0.19298245614035087,0.2807017543859649
aokino01,531,1963,266,563,91,16,24,156,81,33,171,169,2,36,24,9,28,0.28680590932246564,0.38614365766683645
aparilu01,2601,10230,1335,2677,394,92,83,791,506,136,736,742,22,27,161,76,184,0.2616813294232649,0.34252199413489737
apodabo01,184,58,4,10,3,0,0,3,0,0,5,17,0,0,3,1,2,0.1724137931034483,0.22413793103448276
apontlu01,110,0,0,0,0,0,0,0,0,0,0,0,0,0,0,0,0,,
appieke01,414,83,4,8,0,0,0,4,0,0,1,39,0,1,5,0,0,0.0963855421686747,0.0963855421686747
appleed01,48,56,4,9,0,1,0,0,0,0,2,15,0,0,0,0,0,0.16071428571428573,0.19642857142857142
applefr01,3,7,0,2,0,0,0,1,0,0,0,0,0,0,1,0,0,0.2857142857142857,0.2857142857142857
applepe01,343,374,30,87,8,7,0,34,0,1,8,66,0,0,12,0,2,0.232620320855615,0.2914438502673797
applilu01,2422,8856,1319,2749,440,102,45,1116,179,108,1302,528,0,11,74,0,129,0.31041102077687444,0.3983739837398374
aquingr01,145,2,0,0,0,0,0,0,0,0,0,0,0,0,0,0,1,0.0,0.0
aquinlu01,222,35,2,4,0,0,0,0,0,0,1,9,0,0,5,0,0,0.11428571428571428,0.11428571428571428
aragoan01,32,76,4,9,1,0,0,5,2,0,5,6,0,1,5,0,0,0.11842105263157894,0.13157894736842105
aragoja01,1,0,0,0,0,0,0,0,0,0,0,0,0,0,0,0,0,,
araujel01,40,1,0,0,0,0,0,0,0,0,0,1,0,0,0,0,0,0.0,0.0
archdma01,127,384,84,128,14,4,0,29,13,10,48,39,0,4,13,0,0,0.3333333333333333,0.390625
archech01,97,13,1,0,0,0,0,0,0,1,0,7,0,0,0,0,0,0.0,0.0
archefr01,7,15,1,4,0,0,0,1,0,0,2,3,0,0,0,0,0,0.26666666666666666,0.26666666666666666
archeji01,847,2646,246,660,106,34,16,296,36,6,124,241,0,19,93,0,0,0.2494331065759637,0.3333333333333333
archeji02,57,64,2,5,1,0,0,4,0,0,2,19,0,0,6,1,0,0.078125,0.09375
archige01,121,421,50,115,24,4,3,53,10,4,37,47,0,1,2,0,12,0.27315914489311166,0.37054631828978624
arciajo01,293,615,78,132,24,6,1,35,17,13,29,107,1,9,9,0,10,0.2146341463414634,0.2780487804878049
arciaos01,219,781,86,190,33,5,36,108,2,4,58,259,8,12,0,2,12,0.24327784891165172,0.43661971830985913
ardelda01,7,4,1,1,0,0,0,0,0,0,1,2,0,0,1,0,0,0.25,0.25
ardizru01,1,0,0,0,0,0,0,0,0,0,0,0,0,0,0,0,0,,
ardnejo01,110,415,34,88,14,2,0,39,9,0,18,64,0,2,0,0,0,0.21204819277108433,0.25542168674698795
ardoida01,165,423,50,87,17,1,8,35,2,1,42,124,4,13,8,2,13,0.20567375886524822,0.3073286052009456
arellfr01,77,142,8,24,1,2,1,6,3,0,3,0,0,0,7,0,0,0.16901408450704225,0.22535211267605634
arenano01,401,1534,204,431,106,10,70,243,6,6,82,240,15,9,3,18,46,0.28096479791395046,0.5
arencjp01,467,1573,169,333,67,4,80,245,2,3,85,484,4,17,1,11,25,0.21169739351557534,0.41195168467895743
arftha01,300,906,116,229,46,13,13,118,8,10,137,133,0,2,11,0,16,0.25275938189845476,0.37527593818984545
ariasal01,775,1773,203,470,84,6,18,196,10,5,181,211,14,23,17,16,47,0.2650874224478285,0.3496897913141568
ariasal02,63,6,0,0,0,0,0,0,0,0,1,5,0,0,0,0,0,0.0,0.0
ariasge01,173,480,46,114,18,2,14,55,2,0,25,121,2,2,6,0,14,0.2375,0.37083333333333335
ariasjo01,474,1052,112,279,46,11,7,95,13,3,37,150,7,8,12,9,24,0.2652091254752852,0.34980988593155893
ariasru01,34,4,0,0,0,0,0,0,0,0,0,2,0,0,0,0,0,0.0,0.0
arletbu01,121,418,65,131,26,7,18,72,3,0,45,39,0,5,1,0,0,0.3133971291866029,0.5382775119617225
arlicdo01,8,3,0,0,0,0,0,0,0,0,0,1,0,0,0,0,0,0.0,0.0
arlinst01,141,230,13,32,3,2,0,11,0,0,15,74,0,2,13,1,4,0.1391304347826087,0.16956521739130434
armasma01,15,31,7,6,2,0,1,1,1,0,1,12,0,1,0,0,0,0.1935483870967742,0.3548387096774194
armasto01,1432,5164,614,1302,204,39,251,815,18,20,260,1201,37,15,11,52,149,0.25213013168086756,0.4525561580170411
armasto02,186,268,6,26,2,1,0,10,0,0,4,99,0,0,27,0,2,0.09701492537313433,0.11194029850746269
armbrch01,131,355,24,53,11,1,0,12,6,0,52,0,0,2,8,0,0,0.14929577464788732,0.18591549295774648
armbred01,224,265,46,65,11,6,4,19,15,10,24,71,0,1,9,3,4,0.24528301886792453,0.37735849056603776
armbrha01,91,265,40,63,6,3,2,24,13,0,43,0,0,4,18,0,0,0.23773584905660378,0.30566037735849055
armbror01,3,4,0,0,0,0,0,0,0,0,0,4,0,0,0,0,0,0.0,0.0
armstbo01,12,49,9,11,2,1,0,5,0,1,0,1,0,0,0,0,0,0.22448979591836735,0.30612244897959184
armstge01,8,6,0,1,1,0,0,0,0,0,1,1,0,0,0,0,0,0.16666666666666666,0.3333333333333333
armstho01,1,1,0,0,0,0,0,0,0,0,0,0,0,0,0,0,0,0.0,0.0
armstja01,153,185,8,21,2,0,0,8,0,0,2,83,0,2,26,0,6,0.11351351351351352,0.12432432432432433
armstmi01,197,3,0,0,0,0,0,0,0,0,0,3,0,0,0,0,0,0.0,0.0
armstsh01,8,0,0,0,0,0,0,0,0,0,0,0,0,0,0,0,0,,
arndtha01,271,985,118,244,26,20,6,99,27,0,85,0,0,7,18,0,0,0.24771573604060915,0.332994923857868
arndtla01,2,6,1,1,0,0,0,0,0,0,0,1,0,0,1,0,0,0.16666666666666666,0.16666666666666666
arnolbi01,2,7,2,1,0,0,0,0,0,0,0,0,0,0,0,0,0,0.14285714285714285,0.14285714285714285
arnolch01,273,435,47,103,12,5,4,51,1,2,42,76,5,1,1,4,13,0.2367816091954023,0.31494252873563217
arnolja01,50,19,1,3,1,0,0,1,0,0,0,6,0,1,1,0,0,0.15789473684210525,0.21052631578947367
arnolsc01,6,0,0,0,0,0,0,0,0,0,0,0,0,0,0,0,0,,
arnolto01,38,0,0,0,0,0,0,0,0,0,0,0,0,0,0,0,0,,
arnovmo01,590,2013,234,577,104,12,22,261,17,0,185,139,0,10,21,0,61,0.2866368604073522,0.3830104321907601
arnsbbr01,94,0,0,0,0,0,0,0,0,0,0,0,0,0,0,0,0,,
arntzor01,32,50,3,8,1,0,0,1,0,0,2,16,0,0,2,0,1,0.16,0.18
arochre01,124,69,3,7,2,0,0,3,0,0,3,31,0,0,10,0,0,0.10144927536231885,0.13043478260869565
arojo01,6,0,0,0,0,0,0,0,0,0,0,0,0,0,0,0,0,,
arredjo01,214,2,0,1,0,0,0,0,0,0,0,1,0,0,0,0,0,0.5,0.5
arrieja01,137,143,8,22,3,2,2,8,0,0,5,75,0,0,14,0,2,0.15384615384615385,0.24475524475524477
arrigge01,195,179,10,27,6,1,1,11,0,0,9,59,0,0,8,0,7,0.15083798882681565,0.2122905027932961
arrojro01,158,37,2,3,1,0,0,3,0,0,1,20,0,0,4,0,0,0.08108108108108109,0.10810810810810811
arroybr01,421,603,35,77,16,0,6,29,1,0,14,266,0,1,82,3,8,0.12769485903814262,0.18407960199004975
arroyfe01,121,0,0,0,0,0,0,0,0,0,0,0,0,0,0,0,0,,
arroylu01,246,128,5,29,2,0,1,8,0,0,2,28,0,0,11,1,3,0.2265625,0.265625
arroyru01,9,1,0,0,0,0,0,0,0,0,0,1,0,0,0,0,0,0.0,0.0
arrueer01,22,41,4,8,1,0,0,4,0,0,3,17,0,0,0,1,1,0.1951219512195122,0.21951219512195122
arundha01,16,60,10,11,0,0,0,1,0,0,6,1,0,0,0,0,0,0.18333333333333332,0.18333333333333332
arundtu01,76,260,21,45,4,1,0,16,9,0,16,22,0,1,0,0,0,0.17307692307692307,0.19615384615384615
asadora01,15,55,9,20,5,0,0,7,1,2,3,13,1,0,2,0,0,0.36363636363636365,0.45454545454545453
asbelji01,17,33,6,6,2,0,0,3,0,0,3,9,0,0,0,0,0,0.18181818181818182,0.24242424242424243
asbjoca01,97,221,19,52,10,1,1,27,0,0,9,45,0,2,2,0,0,0.23529411764705882,0.3031674208144796
ascanjo01,43,2,0,0,0,0,0,0,0,0,0,1,0,0,0,0,0,0.0,0.0
ascheco01,300,984,102,242,55,4,27,107,2,3,74,256,10,5,3,3,11,0.2459349593495935,0.39227642276422764
asencmi01,42,5,0,0,0,0,0,0,0,0,0,3,0,0,0,0,0,0.0,0.0
ashburi01,2189,8365,1322,2574,317,109,29,586,234,92,1198,571,25,43,112,18,83,0.3077106993424985,0.382068141063957
ashbyal01,1370,4123,397,1010,183,13,90,513,7,10,461,622,66,11,55,41,125,0.24496725685180692,0.3611447974775649
ashbyan01,313,521,26,70,13,0,1,26,1,0,16,218,0,0,83,1,5,0.1343570057581574,0.16506717850287908
asheral01,7,6,0,2,1,0,0,0,0,0,0,3,0,0,0,0,0,0.3333333333333333,0.5
ashfotu01,222,510,42,111,31,1,6,55,5,3,47,75,6,1,5,6,11,0.21764705882352942,0.3176470588235294
ashke01,58,46,3,6,1,0,0,1,0,0,1,8,0,0,1,0,0,0.13043478260869565,0.15217391304347827
ashlebi01,281,618,56,144,23,1,28,84,0,0,63,236,5,4,0,3,15,0.23300970873786409,0.40938511326860844
ashlene01,12,20,2,2,1,0,0,1,0,0,0,8,0,1,0,0,0,0.1,0.15
asmusto01,2,5,0,0,0,0,0,0,0,0,0,0,0,0,1,0,0,0.0,0.0
asprobo01,1324,4369,386,1103,135,26,60,457,19,24,333,459,52,29,36,32,131,0.2524605172808423,0.3364614328221561
asproke01,475,1483,171,369,69,3,19,124,7,5,179,149,4,6,13,10,49,0.24881995954147,0.3378287255563048
asselbr01,284,574,52,146,27,4,12,68,5,4,38,74,6,3,5,9,17,0.25435540069686413,0.3780487804878049
assenpa01,884,36,3,3,1,0,0,0,0,0,5,12,0,0,7,0,1,0.08333333333333333,0.1111111111111111
astacez01,28,21,0,3,0,0,0,0,0,0,0,12,0,0,2,0,0,0.14285714285714285,0.14285714285714285
astacpe01,395,676,31,90,7,1,0,28,0,1,5,256,0,5,89,0,5,0.13313609467455623,0.14644970414201183
astrojo01,544,1579,163,401,51,10,13,156,6,6,177,124,6,14,20,1,60,0.2539582013932869,0.3236225459151362
atchisc01,300,2,0,0,0,0,0,0,0,0,0,1,0,0,0,0,0,0.0,0.0
atchlju01,15,1,0,0,0,0,0,0,0,0,0,1,0,0,0,0,0,0.0,0.0
atherch01,65,242,28,60,5,6,0,23,2,0,21,0,0,2,4,0,0,0.24793388429752067,0.3181818181818182
atherke01,342,1,0,0,0,0,0,0,0,0,0,1,0,0,0,0,0,0.0,0.0
atilalu01,16,25,0,1,0,0,0,0,0,0,0,10,0,0,2,0,0,0.04,0.04
atkinal01,110,387,55,64,7,2,1,14,7,0,36,0,0,1,0,0,0,0.165374677002584,0.20155038759689922
atkinbi01,99,10,0,3,0,0,0,1,0,0,0,1,0,0,1,0,0,0.3,0.3
atkined01,2,8,2,0,0,0,0,0,0,0,0,0,0,0,0,0,0,0.0,0.0
atkinga01,817,2928,399,835,169,7,99,488,8,4,291,449,12,20,0,34,94,0.2851775956284153,0.4491120218579235
atkinja01,4,5,0,2,0,0,0,0,0,0,0,2,0,0,0,0,0,0.4,0.4
atkinle01,1,1,1,0,0,0,0,0,0,0,0,0,0,0,0,0,0,0.0,0.0
atkinmi01,10,2,0,0,0,0,0,0,0,0,0,1,0,0,0,0,0,0.0,0.0
atkinto01,16,19,0,2,0,0,0,0,0,0,0,0,0,0,0,0,0,0.10526315789473684,0.10526315789473684
attredi01,61,144,26,31,2,2,1,16,1,0,20,23,0,0,5,0,0,0.2152777777777778,0.2777777777777778
atwelto01,378,1117,116,290,41,7,9,110,4,5,161,84,10,8,11,7,36,0.25962399283795884,0.333034914950761
atwoobi01,342,961,82,220,41,4,7,112,4,0,93,89,0,3,13,0,20,0.22892819979188345,0.3017689906347555
atzja01,209,605,64,132,21,3,0,49,23,0,69,0,0,6,33,0,0,0.21818181818181817,0.2628099173553719
aubreha01,96,325,26,69,8,2,0,27,7,0,18,0,0,5,9,0,0,0.2123076923076923,0.24923076923076923
aubremi01,46,135,14,35,7,0,6,17,0,0,10,15,0,0,0,0,4,0.25925925925925924,0.4444444444444444
aucoide01,2,0,0,0,0,0,0,0,0,0,0,0,0,0,0,0,0,,
auderi01,62,151,11,34,9,0,2,24,1,2,7,35,0,0,0,0,4,0.2251655629139073,0.32450331125827814
auerbri01,624,1407,167,309,56,5,9,86,36,21,127,198,10,6,22,5,36,0.21961620469083157,0.2857142857142857
augenbr01,12,4,1,1,0,0,0,0,0,0,1,1,0,0,0,0,0,0.25,0.25
augusda01,29,29,4,6,1,0,0,0,0,1,0,6,0,0,0,0,2,0.20689655172413793,0.2413793103448276
augusdo01,88,0,0,0,0,0,0,0,0,0,0,0,0,0,0,0,0,,
augusje01,279,0,0,0,0,0,0,0,0,0,0,0,0,0,0,0,0,,
aukerel01,356,700,73,131,15,9,6,72,2,0,41,232,0,2,41,0,2,0.18714285714285714,0.26
auldsle01,3,4,0,1,0,0,0,0,0,0,0,1,0,0,0,0,0,0.25,0.25
aultdo01,256,713,66,168,29,5,17,86,4,5,71,108,6,7,5,4,29,0.23562412342215988,0.36185133239831696
aumonph01,46,1,0,0,0,0,0,0,0,0,1,1,0,0,0,0,0,0.0,0.0
aurilri01,1652,5721,745,1576,301,22,186,756,23,18,450,861,22,24,36,47,140,0.27547631532948785,0.43331585387170074
ausanjo01,41,0,0,0,0,0,0,0,0,0,0,0,0,0,0,0,0,,
ausmubr01,1971,6279,718,1579,270,34,80,607,102,53,634,1034,69,69,82,37,201,0.25147316451664276,0.3435260391782131
austde01,15,2,0,0,0,0,0,0,0,0,0,2,0,0,0,0,0,0.0,0.0
austihe01,23,101,10,25,3,3,0,11,0,0,0,4,0,0,0,0,0,0.24752475247524752,0.33663366336633666
austije01,38,8,0,1,0,0,0,0,0,0,0,5,0,0,2,0,0,0.125,0.125
austiji01,1580,5388,661,1328,174,76,13,390,244,43,592,363,0,44,278,0,0,0.24647364513734224,0.3142167780252413
austiji02,83,0,0,0,0,0,0,0,0,0,0,0,0,0,0,0,0,,
austiri01,89,19,0,2,1,0,0,0,0,0,3,11,0,0,0,0,0,0.10526315789473684,0.15789473684210525
autryal01,1,2,0,0,0,0,0,0,0,0,0,1,0,0,0,0,0,0.0,0.0
autrych01,81,257,22,50,6,0,0,17,6,0,24,0,0,2,15,0,0,0.19455252918287938,0.2178988326848249
autrych02,120,277,21,68,17,3,2,33,0,0,7,29,0,2,10,0,0,0.24548736462093862,0.35018050541516244
avenbr01,259,609,85,166,33,2,20,103,6,4,57,135,1,11,0,6,12,0.27257799671592775,0.4318555008210181
averiea01,1668,6353,1224,2019,401,128,238,1164,70,57,774,518,0,33,55,0,7,0.3178026129387691,0.5336061703132379
averiea02,449,1031,137,249,41,0,44,159,3,3,162,220,8,8,5,11,22,0.24151309408341415,0.4093113482056256
averyst01,306,437,35,76,14,4,4,32,1,1,12,135,0,0,41,5,4,0.17391304347826086,0.2517162471395881
averyxa01,32,94,14,21,6,1,1,6,6,3,11,23,0,0,2,0,2,0.22340425531914893,0.3404255319148936
avilaal01,683,2084,246,504,111,7,66,282,7,7,325,653,12,11,9,16,52,0.2418426103646833,0.3968330134357006
avilabo01,1300,4620,725,1296,185,35,80,467,78,52,561,399,3,14,134,14,121,0.2805194805194805,0.38766233766233765
avilalu01,241,4,0,1,0,0,0,0,0,0,0,0,0,0,2,0,0,0.25,0.25
avilemi01,810,2756,358,731,132,12,58,292,76,29,126,382,4,12,32,30,81,0.2652394775036285,0.38497822931785197
avilera01,117,190,21,51,9,0,2,24,0,0,21,22,3,1,9,2,4,0.26842105263157895,0.3473684210526316
avreaja01,2,2,0,0,0,0,0,0,0,0,0,1,0,0,0,0,0,0.0,0.0
axelrdy01,59,8,1,1,0,0,0,0,0,0,0,6,0,0,1,0,0,0.125,0.125
axforjo01,403,1,0,0,0,0,0,0,0,0,0,1,0,0,0,0,0,0.0,0.0
ayalabe01,425,865,114,217,42,1,38,145,2,4,71,136,7,2,1,12,22,0.2508670520231214,0.43352601156069365
ayalabo01,406,31,2,2,1,0,0,1,0,1,0,13,0,0,3,0,0,0.06451612903225806,0.0967741935483871
ayalalu01,534,14,0,4,1,0,0,0,0,0,0,3,0,0,3,0,0,0.2857142857142857,0.35714285714285715
aybarer01,1220,4427,572,1223,222,43,48,417,141,53,226,543,10,42,69,33,87,0.2762593178224531,0.3783600632482494
aybarma01,210,70,6,13,0,0,1,5,0,0,2,28,0,0,4,0,0,0.18571428571428572,0.22857142857142856
aybarwi01,405,1219,137,315,68,2,33,157,7,5,142,206,6,14,7,8,22,0.258408531583265,0.39868744872846595
aydelja01,14,50,1,5,1,0,0,0,0,0,3,0,0,0,0,0,0,0.1,0.12
ayersbi01,13,8,0,2,1,0,0,2,0,0,0,3,0,0,2,0,0,0.25,0.375
ayersdo01,299,420,20,72,10,2,0,23,1,4,13,72,0,1,17,0,0,0.17142857142857143,0.20476190476190476
aylwadi01,4,3,0,0,0,0,0,0,0,0,0,1,0,0,0,0,0,0.0,0.0
ayraubo01,54,2,0,0,0,0,0,0,0,0,0,2,0,0,0,0,0,0.0,0.0
ayraujo01,7,5,0,1,0,0,0,0,0,0,0,1,0,1,0,0,1,0.2,0.2
azcuejo01,909,2828,201,712,94,9,50,304,5,12,207,344,45,17,11,32,87,0.25176803394625175,0.3444130127298444
azocaos01,202,439,38,99,16,0,5,36,10,0,12,36,2,2,4,3,5,0.2255125284738041,0.296127562642369
babbch01,347,1180,144,287,41,13,0,116,66,0,125,0,0,45,26,0,0,0.24322033898305084,0.3
babcobo01,39,0,0,0,0,0,0,0,0,0,0,0,0,0,0,0,0,,
babelo01,120,382,37,85,18,2,2,26,1,1,39,26,0,2,3,0,9,0.22251308900523561,0.29581151832460734
babicjo01,112,211,14,36,5,0,0,10,1,0,4,63,0,2,7,0,6,0.17061611374407584,0.1943127962085308
babinch01,28,33,5,8,3,1,0,2,1,0,0,4,0,1,1,0,0,0.24242424242424243,0.3939393939393939
babitsh01,54,156,10,40,1,3,0,14,5,4,13,13,1,0,2,0,6,0.2564102564102564,0.30128205128205127
backebr01,153,133,22,34,5,2,4,16,1,0,10,48,0,2,13,0,1,0.2556390977443609,0.41353383458646614
backmle01,47,74,3,8,1,1,0,5,0,0,8,12,0,2,1,0,0,0.10810810810810811,0.14864864864864866
backmwa01,1102,3245,482,893,138,19,10,240,117,52,371,480,9,5,68,19,55,0.27519260400616335,0.3386748844375963
baconed01,4,6,1,3,1,0,0,2,0,0,0,0,0,0,0,0,0,0.5,0.6666666666666666
bacsimi01,73,0,0,0,0,0,0,0,0,0,0,0,0,0,0,0,0,,
bacsimi02,51,50,1,5,2,0,0,3,0,0,1,10,0,0,7,0,0,0.1,0.14
baczefr01,63,89,5,12,0,0,1,2,0,0,2,34,0,0,10,0,1,0.1348314606741573,0.16853932584269662
badenbu01,418,33,1,3,1,0,0,2,0,0,1,19,0,0,5,0,0,0.09090909090909091,0.12121212121212122
baderar01,2,3,0,0,0,0,0,0,0,0,1,0,0,0,0,0,0,0.0,0.0
baderlo01,22,22,1,4,0,0,0,1,0,0,0,3,0,1,1,0,0,0.18181818181818182,0.18181818181818182
badgrre01,143,382,57,98,30,3,2,45,4,5,24,42,0,4,12,0,0,0.25654450261780104,0.36649214659685864
baeched01,64,42,4,8,0,0,0,2,0,0,0,10,0,0,3,0,0,0.19047619047619047,0.19047619047619047
baekch01,61,30,2,5,1,0,1,2,0,0,1,8,0,0,8,0,0,0.16666666666666666,0.3
baergca01,1630,5439,731,1583,279,17,134,774,59,24,291,580,41,73,26,66,158,0.2910461481890053,0.42250413678985105
baezbe01,8,1,0,0,0,0,0,0,0,0,0,0,0,0,0,0,0,0.0,0.0
baezda01,533,6,1,1,0,0,0,0,0,0,0,1,0,0,0,0,0,0.16666666666666666,0.16666666666666666
baezja01,80,289,29,58,12,0,10,24,6,3,19,119,1,1,0,0,5,0.20069204152249134,0.3460207612456747
baezjo01,114,355,47,87,14,2,1,19,7,1,25,27,2,1,10,0,6,0.24507042253521127,0.30422535211267604
baezke01,63,151,10,27,10,0,0,7,0,0,13,17,1,0,4,0,4,0.17880794701986755,0.24503311258278146
baezpe01,72,0,0,0,0,0,0,0,0,0,0,0,0,0,0,0,0,,
bagbyji01,325,660,69,144,35,6,2,60,3,0,32,91,0,2,30,0,0,0.21818181818181817,0.29848484848484846
bagbyji02,322,620,59,140,16,2,3,56,1,0,8,68,0,3,32,0,14,0.22580645161290322,0.2725806451612903
bagwebi01,92,143,12,42,6,3,2,20,0,0,8,14,0,0,4,0,0,0.2937062937062937,0.4195804195804196
bagweje01,2150,7797,1517,2314,488,32,449,1529,202,78,1401,1558,155,128,3,102,221,0.2967808131332564,0.540336026676927
bahnsst01,575,479,22,56,8,2,1,19,0,0,19,225,0,1,43,1,4,0.11691022964509394,0.14822546972860126
bahred01,50,68,2,10,0,1,0,5,0,0,0,18,0,0,4,0,2,0.14705882352941177,0.17647058823529413
bahrefr01,2,8,0,0,0,0,0,0,0,0,0,0,0,0,0,0,0,0.0,0.0
baichgr01,4,1,0,0,0,0,0,0,0,0,0,1,0,0,0,0,0,0.0,0.0
bailean01,216,0,0,0,0,0,0,0,0,0,0,0,0,0,0,0,0,,
bailebi01,209,366,23,71,4,1,0,15,3,0,20,38,0,0,14,0,0,0.19398907103825136,0.2103825136612022
bailebi02,5,9,1,1,0,0,0,0,0,0,0,0,0,0,0,0,0,0.1111111111111111,0.1111111111111111
bailebo01,1931,6082,772,1564,234,43,189,773,85,83,852,1126,67,17,40,52,195,0.25715225254850377,0.40299243669845447
baileco01,172,2,2,1,0,0,0,0,0,0,2,0,0,0,1,0,0,0.5,0.5
baileed01,1212,3581,432,915,128,15,155,540,17,18,545,577,77,25,20,37,81,0.25551521921251047,0.42948896956157495
bailefr01,60,124,10,23,2,1,1,6,3,0,9,29,0,3,2,0,0,0.18548387096774194,0.24193548387096775
bailege01,213,634,95,156,16,7,2,52,13,15,63,61,0,7,23,0,0,0.24605678233438485,0.3028391167192429
baileha01,16,43,5,10,2,1,0,3,0,0,2,0,0,1,0,0,0,0.23255813953488372,0.32558139534883723
baileho01,50,0,0,0,0,0,0,0,0,0,0,0,0,0,0,0,0,,
baileho02,172,304,18,48,6,0,0,17,0,0,9,119,0,1,41,0,10,0.15789473684210525,0.17763157894736842
baileje01,56,136,25,31,4,3,6,16,0,0,19,39,1,4,0,0,7,0.22794117647058823,0.4338235294117647
baileji01,3,3,0,0,0,0,0,0,0,0,0,2,0,0,0,0,0,0.0,0.0
baileki01,1,4,2,2,1,0,0,1,1,0,0,1,0,0,0,0,0,0.5,0.75
bailema01,340,949,101,209,37,1,24,101,2,5,166,222,23,3,3,5,34,0.220231822971549,0.33719704952581664
bailero01,93,97,15,20,1,1,1,8,0,0,6,22,0,0,11,0,0,0.20618556701030927,0.26804123711340205
bailesc01,343,0,0,0,0,0,0,0,0,0,0,0,0,0,0,0,0,,
bailest01,34,10,0,0,0,0,0,0,0,0,1,5,0,0,0,0,0,0.0,0.0
bailesw01,52,30,1,8,1,0,0,1,0,0,4,11,0,0,1,0,0,0.26666666666666666,0.3
bailobo01,955,2937,339,775,107,23,9,222,90,36,187,164,10,20,42,20,51,0.26387470207694924,0.3251617296561117
baineha01,2830,9908,1299,2866,488,49,384,1628,34,34,1062,1441,187,14,9,99,298,0.28926120306822767,0.4646750100928543
bainlo01,3,3,1,1,0,0,0,0,0,0,0,0,0,0,0,0,0,0.3333333333333333,0.3333333333333333
bairdal01,48,107,9,27,1,0,0,9,5,0,7,11,0,0,1,0,0,0.2523364485981308,0.2616822429906542
bairdbo01,8,6,0,1,0,0,0,0,0,0,0,2,0,0,0,0,0,0.16666666666666666,0.16666666666666666
bairddo01,617,2106,230,492,86,45,6,191,118,28,157,295,0,12,78,0,0,0.2336182336182336,0.32573599240265905
bairdo01,584,52,2,5,1,0,1,4,0,0,0,23,0,0,4,0,0,0.09615384615384616,0.17307692307692307
baislje01,14,43,1,11,1,0,0,5,0,0,4,7,0,0,0,0,2,0.2558139534883721,0.27906976744186046
bajenje01,14,0,0,0,0,0,0,0,0,0,0,0,0,0,0,0,0,,
bakelje01,222,727,70,111,12,4,2,33,2,0,83,86,0,3,0,0,0,0.15268225584594222,0.18844566712517194
bakenda01,2,0,0,0,0,0,0,0,0,0,0,0,0,0,0,0,0,,
bakeral01,3,4,0,0,0,0,0,0,0,0,0,0,0,0,0,0,0,0.0,0.0
bakerbi01,263,588,45,145,25,5,2,68,6,0,68,30,0,3,5,0,19,0.2465986394557823,0.3163265306122449
bakerbo01,2,7,0,1,0,0,0,1,0,0,0,0,0,0,0,0,0,0.14285714285714285,0.14285714285714285
bakerch01,15,57,5,8,2,0,1,0,0,0,0,0,0,0,0,0,0,0.14035087719298245,0.22807017543859648
bakerch02,93,146,14,27,2,3,0,9,0,0,3,27,0,0,9,0,4,0.18493150684931506,0.23972602739726026
bakerda01,9,20,3,5,1,0,0,2,0,0,3,3,0,2,1,0,0,0.25,0.3
bakerde01,173,302,27,63,9,4,0,22,5,3,32,32,0,2,18,0,0,0.20860927152317882,0.26490066225165565
bakerdo01,136,246,38,51,11,2,0,22,3,0,18,62,0,3,8,1,1,0.2073170731707317,0.2682926829268293
bakerdu01,2039,7117,964,1981,320,23,242,1013,137,73,762,926,52,30,27,85,158,0.2783476183785303,0.43178305465786143
bakerer01,1,2,0,0,0,0,0,0,0,0,0,0,0,0,0,0,0,0.0,0.0
bakerfl01,874,2280,285,573,76,13,1,196,23,25,382,165,0,6,26,0,33,0.2513157894736842,0.29736842105263156
bakerfr01,1575,5984,887,1838,315,103,96,987,235,28,473,182,0,50,153,0,0,0.3071524064171123,0.44234625668449196
bakerfr02,125,353,39,82,17,4,4,38,3,4,26,68,3,2,0,3,8,0.23229461756373937,0.3371104815864023
bakerfr03,146,288,28,55,8,3,1,24,4,2,40,60,3,2,2,2,4,0.1909722222222222,0.25
bakerge01,126,474,45,74,6,0,0,5,0,0,14,29,0,0,0,0,0,0.15611814345991562,0.16877637130801687
bakerge02,630,2230,265,590,109,21,39,227,21,17,184,219,9,9,50,18,55,0.2645739910313901,0.3847533632286996
bakerho01,29,82,5,18,1,1,0,7,2,1,8,10,0,0,1,0,0,0.21951219512195122,0.25609756097560976
bakerja01,14,26,1,3,0,0,1,2,0,0,1,6,0,0,0,1,1,0.11538461538461539,0.23076923076923078
bakerje01,22,29,0,3,0,0,0,3,0,0,2,0,0,1,0,0,0,0.10344827586206896,0.10344827586206896
bakerje02,1,0,0,0,0,0,0,1,0,0,0,0,0,0,0,0,0,,
bakerje03,748,1793,244,474,108,15,54,235,14,1,139,472,6,9,1,16,55,0.2643614054656999,0.4316787506971556
bakerjo01,359,1076,124,266,57,1,14,120,2,1,127,269,15,10,8,7,32,0.24721189591078066,0.34107806691449816
bakerki01,65,166,19,35,1,2,0,10,2,0,22,13,0,2,0,0,0,0.21084337349397592,0.24096385542168675
bakerne01,5,6,0,1,0,0,0,2,0,0,0,2,0,0,0,0,0,0.16666666666666666,0.16666666666666666
bakerno01,31,106,16,18,2,0,0,6,0,0,2,0,0,2,0,0,0,0.16981132075471697,0.18867924528301888
bakerph01,195,817,134,212,20,11,3,34,16,0,39,32,0,0,0,0,0,0.2594859241126071,0.3219094247246022
bakersc01,1,0,0,0,0,0,0,0,0,0,0,0,0,0,0,0,0,,
bakersc02,193,32,1,3,1,0,0,0,0,0,0,13,0,0,6,0,0,0.09375,0.125
bakerst01,84,0,0,0,0,0,0,0,0,0,0,0,0,0,0,0,0,,
bakerto01,70,58,5,18,4,0,0,5,0,0,3,6,0,0,0,0,1,0.3103448275862069,0.3793103448275862
bakerto02,10,3,0,0,0,0,0,0,0,0,0,2,0,0,0,0,0,0.0,0.0
bakertr01,1,0,0,0,0,0,0,0,0,0,0,0,0,0,1,0,0,,
bakopa01,789,2202,195,508,98,11,24,195,4,9,233,589,36,7,16,13,44,0.23069936421435058,0.3178928247048138
balasmi01,1,0,0,0,0,0,0,0,0,0,0,0,0,0,0,0,0,,
balazjo01,59,162,14,39,8,1,2,15,0,0,7,35,0,1,2,1,1,0.24074074074074073,0.3395061728395062
balbost01,960,3120,351,714,127,11,181,495,1,2,273,856,21,19,1,27,67,0.22884615384615384,0.45064102564102565
balcebo01,7,2,2,0,0,0,0,0,0,0,0,1,0,0,0,0,0,0.0,0.0
baldero01,519,1910,281,531,99,18,60,262,60,16,102,388,8,31,7,15,33,0.2780104712041885,0.44293193717277485
baldsja01,457,78,5,7,1,0,0,3,1,0,5,41,0,0,8,0,1,0.08974358974358974,0.10256410256410256
baldwbi01,39,117,12,27,4,1,5,13,2,1,6,16,0,0,1,1,0,0.23076923076923078,0.41025641025641024
baldwda01,176,15,1,1,0,0,0,0,0,0,1,10,0,0,0,0,0,0.06666666666666667,0.06666666666666667
baldwfr01,16,20,0,2,0,0,0,0,0,0,1,9,0,0,0,0,1,0.1,0.1
baldwha01,12,11,4,4,0,0,0,0,0,0,0,2,0,0,1,0,0,0.36363636363636365,0.36363636363636365
baldwhe01,6,16,1,5,0,0,0,1,0,0,1,2,0,0,0,0,0,0.3125,0.3125
baldwja01,266,44,1,4,1,1,0,2,0,0,0,20,0,0,3,0,1,0.09090909090909091,0.1590909090909091
baldwje01,7,8,1,0,0,0,0,0,0,0,1,2,0,0,0,0,0,0.0,0.0
baldwki01,441,1677,186,371,56,27,7,178,40,0,36,38,0,13,0,0,0,0.22122838401908168,0.29934406678592723
baldwla01,134,494,68,114,16,7,0,55,7,0,40,77,0,1,0,0,0,0.23076923076923078,0.291497975708502
baldwma01,348,1155,109,188,21,18,10,106,18,0,82,368,0,1,0,0,0,0.16277056277056276,0.23809523809523808
baldwof01,4,6,0,0,0,0,0,0,0,0,0,0,0,0,0,0,0,0.0,0.0
baldwre01,52,87,5,21,6,0,1,12,0,0,3,4,0,0,0,0,5,0.2413793103448276,0.3448275862068966
baldwri01,105,22,2,6,0,0,0,0,0,0,0,9,0,0,2,0,0,0.2727272727272727,0.2727272727272727
balejo01,109,17,0,2,0,0,0,0,0,0,0,8,0,0,0,0,0,0.11764705882352941,0.11764705882352941
balenmi01,78,219,19,40,2,4,0,11,6,0,6,33,0,1,9,0,0,0.182648401826484,0.228310502283105
balenwl01,170,511,54,113,31,1,15,52,2,2,44,149,2,0,0,4,15,0.22113502935420742,0.37377690802348335
balesco01,88,28,1,4,0,0,0,1,0,0,2,10,0,1,11,0,0,0.14285714285714285,0.14285714285714285
balesle01,31,43,8,4,0,0,0,2,1,1,8,12,0,0,1,1,1,0.09302325581395349,0.09302325581395349
balfogr01,534,2,0,0,0,0,0,0,0,0,0,2,0,0,0,0,0,0.0,0.0
ballaje01,197,13,0,5,1,0,0,0,0,0,0,4,0,0,1,0,0,0.38461538461538464,0.46153846153846156
ballar01,33,84,7,16,2,0,0,8,2,0,7,1,0,1,2,0,0,0.19047619047619047,0.21428571428571427
balleja01,94,14,0,1,0,0,0,0,0,0,0,7,0,1,2,0,0,0.07142857142857142,0.07142857142857142
ballepe01,3,9,0,1,0,0,0,0,0,0,0,1,0,0,0,0,0,0.1111111111111111,0.1111111111111111
ballima01,18,5,1,1,0,0,0,0,0,0,0,2,0,0,0,0,0,0.2,0.2
ballje01,2,4,0,1,0,0,0,0,0,0,0,0,0,0,0,0,0,0.25,0.25
ballji01,16,51,4,7,2,0,0,3,0,0,3,0,0,0,1,0,0,0.13725490196078433,0.17647058823529413
ballne01,501,1609,162,404,56,17,4,151,92,0,99,13,0,4,60,0,0,0.25108763206960844,0.31448104412678685
ballowi01,99,93,6,5,2,0,1,2,0,0,6,36,0,0,5,0,0,0.053763440860215055,0.10752688172043011
balsato01,18,5,1,1,1,0,0,0,0,0,0,3,0,0,0,0,0,0.2,0.4
bambege01,11,2,0,0,0,0,0,0,0,0,0,1,0,0,0,0,0,0.0,0.0
bambeha01,7,12,0,1,0,0,0,0,0,0,1,2,0,0,0,0,0,0.08333333333333333,0.08333333333333333
banckst01,19,72,3,11,0,0,0,2,1,0,0,3,0,0,0,0,0,0.1527777777777778,0.1527777777777778
bancrda01,1913,7182,1048,2004,320,77,32,591,145,75,827,487,0,23,212,0,0,0.27903091060985796,0.3583959899749373
bandoch01,498,1284,134,292,46,2,27,142,1,5,138,197,6,2,27,16,44,0.22741433021806853,0.3294392523364486
bandosa01,2019,7060,982,1790,289,38,242,1039,75,46,1031,923,69,75,65,57,149,0.2535410764872521,0.40807365439093485
bandyje01,2,2,1,1,0,0,1,1,0,0,0,0,0,0,0,0,0,0.5,2.0
baneed01,45,0,0,0,0,0,0,0,0,0,0,0,0,0,0,0,0,,
baneydi01,42,16,0,2,0,0,0,0,0,0,0,4,0,1,3,0,0,0.125,0.125
banisje01,1,1,0,1,0,0,0,0,0,0,0,0,0,0,0,0,0,1.0,1.0
bankhda01,62,45,7,10,1,0,1,3,0,0,1,7,0,2,0,0,2,0.2222222222222222,0.3111111111111111
bankhsc01,267,9,0,2,0,0,0,0,0,0,0,7,0,0,2,0,0,0.2222222222222222,0.2222222222222222
banksbi01,5,14,0,3,0,0,0,0,0,0,1,5,0,0,0,0,0,0.21428571428571427,0.21428571428571427
banksbr01,273,495,65,122,19,3,13,64,8,3,62,129,6,2,5,5,7,0.24646464646464647,0.37575757575757573
bankser01,2528,9421,1305,2583,407,90,512,1636,50,53,763,1236,198,70,45,96,229,0.27417471605986626,0.4995223437002441
banksev01,11,36,6,5,1,1,1,2,1,0,2,5,0,1,0,0,0,0.1388888888888889,0.3055555555555556
banksge01,106,201,33,44,6,2,9,27,0,1,37,59,1,2,1,4,8,0.21890547263681592,0.40298507462686567
banksjo01,30,27,4,3,0,0,0,0,0,0,4,6,0,0,2,0,0,0.1111111111111111,0.1111111111111111
bankswe01,17,59,4,12,3,0,1,4,0,0,2,15,0,1,0,1,0,0.2033898305084746,0.3050847457627119
bankswi01,184,68,5,12,2,0,0,1,0,1,2,23,0,2,8,0,0,0.17647058823529413,0.20588235294117646
bannial01,972,3007,430,811,143,28,19,288,108,37,292,318,13,13,33,28,45,0.26970402394413034,0.3548387096774194
bannibr01,117,29,3,8,4,0,0,4,0,0,0,9,0,1,3,0,1,0.27586206896551724,0.41379310344827586
bannifl01,431,80,6,14,1,0,0,1,0,0,2,26,0,0,11,0,1,0.175,0.1875
banniji01,3,1,0,0,0,0,0,0,0,0,0,0,0,0,0,0,0,0.0,0.0
bannoji01,366,1433,292,459,76,24,19,253,99,0,152,101,0,11,20,0,0,0.32030704815073274,0.4466154919748779
bannoto01,39,166,34,44,7,2,0,8,20,0,8,9,0,0,3,0,0,0.26506024096385544,0.3313253012048193
bantaja01,69,61,3,7,1,0,0,3,0,0,4,11,0,0,1,0,2,0.11475409836065574,0.13114754098360656
bantzbr01,1,2,0,0,0,0,0,0,0,0,0,1,0,0,0,0,0,0.0,0.0
banuema01,7,3,0,0,0,0,0,0,0,0,0,1,0,0,4,0,0,0.0,0.0
baptitr01,13,0,0,0,0,0,0,0,0,0,0,0,0,0,0,0,0,,
barajro01,1114,3460,396,812,187,1,136,480,2,2,207,638,31,46,28,39,61,0.23468208092485549,0.40722543352601154
barbare01,1,1,0,0,0,0,0,0,0,0,0,0,0,0,0,0,0,0.0,0.0
barbawa01,500,1777,173,462,52,21,1,156,37,16,88,121,0,6,83,0,0,0.25998874507597075,0.31457512661789533
barbebr01,479,1434,163,388,73,6,16,133,16,13,164,268,10,32,18,11,25,0.2705718270571827,0.3633193863319386
barbebr02,26,8,0,1,0,0,0,0,0,0,1,2,0,0,1,0,0,0.125,0.125
barbech01,55,204,38,41,1,4,0,0,0,0,11,0,0,0,0,0,0,0.20098039215686275,0.24509803921568626
barbeda01,116,374,44,92,23,7,6,60,1,0,20,42,0,3,4,0,0,0.24598930481283424,0.393048128342246
barbefr01,4,5,0,0,0,0,0,0,0,0,0,0,0,0,1,0,0,0.0,0.0
barbeja01,199,712,96,160,25,8,0,46,39,0,78,3,0,11,18,0,0,0.2247191011235955,0.28230337078651685
barbest01,466,563,24,65,5,2,5,27,0,1,38,320,0,2,45,1,2,0.11545293072824156,0.15808170515097691
barbest02,25,7,0,0,0,0,0,0,0,0,0,2,0,0,1,0,0,0.0,0.0
barbetu01,491,1531,189,442,47,21,2,185,28,23,115,112,0,12,53,0,0,0.28870019595035923,0.35075114304376226
barbiji01,39,82,9,23,5,0,0,3,2,0,9,7,1,0,1,0,0,0.2804878048780488,0.34146341463414637
barcelo01,43,0,0,0,0,0,0,0,0,0,0,0,0,0,0,0,0,,
barclcu01,44,64,6,15,3,0,0,4,0,0,1,18,0,1,1,0,0,0.234375,0.28125
barclge01,401,1538,167,382,35,15,4,140,61,0,62,0,0,18,25,0,0,0.2483745123537061,0.29843953185955785
bardda01,211,2,0,0,0,0,0,0,0,0,0,1,0,0,0,0,0,0.0,0.0
bardebr01,119,175,21,37,4,0,4,14,0,2,11,44,0,3,3,1,5,0.21142857142857144,0.3028571428571429
bardjo01,586,1778,162,452,109,3,39,220,1,4,175,299,12,3,11,13,56,0.2542182227221597,0.3847019122609674
barera01,88,5,1,1,0,0,0,1,0,0,0,4,0,0,0,0,0,0.2,0.2
barfije01,1428,4759,715,1219,216,30,241,716,66,47,551,1234,49,34,16,34,100,0.25614624921201934,0.46606429922252574
barfijo01,65,0,0,0,0,0,0,0,0,0,0,0,0,0,0,0,0,,
barfijo02,309,1012,133,267,53,6,16,112,35,11,44,188,7,5,5,9,11,0.26383399209486164,0.37549407114624506
barfocl01,90,76,5,20,2,1,0,5,0,0,6,13,0,0,1,0,0,0.2631578947368421,0.3157894736842105
bargagr01,33,9,0,1,0,0,0,1,0,0,0,7,0,0,0,0,0,0.1111111111111111,0.1111111111111111
bargecy01,193,428,33,97,8,5,0,31,3,0,16,55,0,1,9,0,0,0.2266355140186916,0.26869158878504673
barkbr01,3,0,0,0,0,0,0,0,0,0,0,0,0,0,0,0,0,,
barkeal01,1,4,0,1,0,0,0,2,0,0,1,0,0,0,0,0,0,0.25,0.25
barkean01,17,46,5,14,2,0,1,3,1,0,4,7,1,1,0,0,2,0.30434782608695654,0.41304347826086957
barkegl01,235,164,53,38,4,1,3,18,30,18,21,48,0,4,6,2,0,0.23170731707317074,0.3231707317073171
barkeke01,126,285,32,71,12,0,6,36,3,0,34,65,2,1,0,3,4,0.24912280701754386,0.3543859649122807
barkele01,248,63,3,3,1,0,0,1,0,1,6,31,0,0,6,0,1,0.047619047619047616,0.06349206349206349
barkera01,192,318,34,68,16,0,10,44,1,0,29,76,6,3,3,3,4,0.2138364779874214,0.3584905660377358
barkeri01,5,0,0,0,0,0,0,0,0,0,0,0,0,0,0,0,0,,
barkese01,3,2,0,0,0,0,0,0,0,0,0,1,0,1,0,0,0,0.0,0.0
barklbr01,6,0,0,0,0,0,0,0,0,0,0,0,0,0,0,0,0,,
barklje01,24,0,0,0,0,0,0,0,0,0,0,0,0,0,0,0,0,,
barklre01,63,163,16,43,9,0,0,21,2,0,19,26,0,0,4,0,0,0.26380368098159507,0.31901840490797545
barklsa01,582,2329,362,602,125,39,10,231,51,0,176,44,0,12,0,0,0,0.2584800343495062,0.35852297123228855
barlomi01,133,3,0,0,0,0,0,0,0,0,0,1,0,0,0,0,1,0.0,0.0
barloto01,126,607,120,174,5,3,1,34,19,10,7,4,0,0,0,0,0,0.28665568369028005,0.30971993410214166
barmebr01,5,5,1,1,0,0,0,0,0,0,0,0,0,0,0,0,0,0.2,0.2
barmecl01,1186,3805,434,932,208,17,89,415,43,30,216,734,32,60,60,26,54,0.24494086727989486,0.37871222076215505
barnaba01,207,664,88,154,22,9,12,96,9,1,76,98,0,0,3,0,6,0.2319277108433735,0.3463855421686747
barnach01,29,27,6,7,4,0,1,11,0,0,4,4,0,0,1,0,0,0.25925925925925924,0.5185185185185185
barneau01,20,29,4,6,2,0,0,1,1,0,6,6,0,1,1,0,2,0.20689655172413793,0.27586206896551724
barnebi01,8,30,2,6,1,0,0,0,0,0,0,0,0,0,0,0,0,0.2,0.23333333333333334
barnebo01,2,2,0,0,0,0,0,0,0,0,0,0,0,0,0,0,0,0.0,0.0
barnebr01,116,107,3,15,0,0,0,4,0,0,10,51,0,0,11,0,1,0.14018691588785046,0.14018691588785046
barnebr02,417,1053,121,257,50,7,19,92,21,18,62,323,3,12,14,3,23,0.24406457739791074,0.358974358974359
barneda01,581,1921,228,472,90,13,21,157,20,5,115,237,10,21,18,13,48,0.245705361790734,0.33888599687662674
barneed01,88,272,33,61,5,2,0,22,17,4,37,33,0,3,11,0,0,0.22426470588235295,0.25735294117647056
barneep01,4,7,0,1,0,0,0,0,0,0,0,2,0,0,0,0,0,0.14285714285714285,0.14285714285714285
barnefr01,7,7,1,2,1,0,0,2,0,0,1,0,0,0,0,0,0,0.2857142857142857,0.42857142857142855
barnefr02,21,10,3,1,0,0,0,0,0,1,0,3,0,0,0,0,0,0.1,0.1
barneho01,1,0,0,0,0,0,0,0,0,0,1,0,0,0,0,0,0,,
barneje01,435,913,71,195,11,5,1,69,2,4,24,72,0,1,41,0,0,0.21358159912376778,0.23986856516976998
barnejo01,20,58,6,14,4,0,0,2,0,1,3,9,0,3,0,0,3,0.2413793103448276,0.3103448275862069
barneju01,2,0,0,0,0,0,0,0,0,0,0,0,0,0,0,0,0,,
barnela01,46,78,4,12,2,0,1,4,0,0,2,18,0,0,0,0,1,0.15384615384615385,0.21794871794871795
barnelu01,27,74,7,18,2,2,0,7,0,1,6,5,1,0,0,1,2,0.24324324324324326,0.32432432432432434
barnema01,37,0,0,0,0,0,0,0,0,0,0,0,0,0,0,0,0,,
barnere01,286,836,152,225,41,24,8,97,12,5,95,76,0,5,16,0,0,0.26913875598086123,0.4043062200956938
barnere02,155,201,12,33,3,0,0,7,0,0,7,78,0,0,7,0,8,0.16417910447761194,0.1791044776119403
barneri01,10,0,0,0,0,0,0,0,0,0,0,0,0,0,0,0,0,,
barnero01,499,2392,698,859,144,44,6,350,73,25,114,65,0,0,0,0,0,0.35911371237458195,0.463628762541806
barnesa01,7,11,2,2,1,0,0,0,0,0,2,1,0,1,0,0,0,0.18181818181818182,0.2727272727272727
barnesc01,22,0,0,0,0,0,0,0,0,0,0,0,0,0,0,0,0,,
barnesk01,353,614,95,159,30,4,14,83,20,18,41,74,3,4,8,8,10,0.25895765472312704,0.38925081433224756
barnevi01,205,371,20,40,0,0,0,9,0,2,7,119,0,0,15,0,0,0.1078167115902965,0.1078167115902965
barnhcl01,814,2673,404,788,121,61,27,436,35,21,265,149,0,7,103,0,0,0.2947998503554059,0.4160119715675271
barnhed01,1,0,0,0,0,0,0,0,0,0,0,0,0,0,0,0,0,,
barnhle01,3,5,0,1,0,0,0,0,0,0,0,1,0,0,1,0,0,0.2,0.2
barnhtu01,102,296,26,71,9,0,4,19,0,1,29,55,6,2,4,3,10,0.23986486486486486,0.3108108108108108
barnhvi01,74,204,21,55,7,0,0,19,2,0,10,12,0,0,5,0,9,0.2696078431372549,0.30392156862745096
barnibi01,83,321,32,55,5,2,0,22,2,2,5,16,0,0,0,0,0,0.17133956386292834,0.19937694704049844
barnige01,20,18,1,0,0,0,0,0,0,0,0,9,0,0,0,0,0,0.0,0.0
barnoed01,6,0,0,0,0,0,0,0,0,0,0,0,0,0,0,0,0,,
barnwch01,13,30,2,2,0,0,0,1,1,0,1,6,0,0,0,0,0,0.06666666666666667,0.06666666666666667
barojsa01,179,0,0,0,0,0,0,0,0,0,0,0,0,0,0,0,0,,
baronda01,16,9,1,1,0,0,0,0,0,0,0,7,0,0,2,0,0,0.1111111111111111,0.1111111111111111
barondi01,3,6,0,0,0,0,0,0,0,0,0,1,0,0,0,0,0,0.0,0.0
baronst01,4,11,0,0,0,0,0,0,0,0,0,2,0,0,0,0,2,0.0,0.0
barracu01,69,163,14,33,6,1,1,14,0,2,23,36,1,0,2,2,7,0.20245398773006135,0.26993865030674846
barrage01,67,62,19,18,2,3,0,3,5,1,2,9,0,0,1,0,1,0.2903225806451613,0.41935483870967744
barraky01,25,0,0,0,0,0,0,0,0,0,0,0,0,0,0,0,0,,
barrbo01,179,633,61,117,14,6,4,17,1,0,31,26,0,6,0,0,0,0.1848341232227488,0.24486571879936808
barrbo02,2,0,0,0,0,0,0,0,0,0,0,0,0,0,0,0,0,,
barre01,8,34,7,7,1,0,0,2,1,0,0,1,0,0,0,0,0,0.20588235294117646,0.23529411764705882
barreaa01,90,0,0,0,0,0,0,0,0,0,0,0,0,0,0,0,0,,
barrebi01,3,13,1,2,1,0,0,1,0,1,0,0,0,0,0,0,0,0.15384615384615385,0.23076923076923078
barrebi02,718,2395,318,690,151,30,23,328,80,50,209,239,0,8,81,0,0,0.2881002087682672,0.40501043841336115
barrebo01,239,650,57,169,23,5,10,86,6,3,32,61,0,1,22,0,0,0.26,0.3569230769230769
barredi01,141,222,22,40,4,1,0,15,0,0,17,23,0,1,17,0,7,0.18018018018018017,0.2072072072072072
barrefr01,104,54,3,9,1,0,0,2,0,0,2,18,0,0,1,0,0,0.16666666666666666,0.18518518518518517
barreji01,866,3306,580,962,83,47,16,255,143,0,440,0,0,29,60,0,0,0.2909860859044162,0.3590441621294616
barrejo01,588,1811,303,454,82,32,23,220,69,0,265,201,0,8,24,0,19,0.2506902263942573,0.36940916620651576
barrema01,8,19,1,1,1,0,0,0,0,0,1,4,0,0,0,0,0,0.05263157894736842,0.10526315789473684
barrema02,941,3378,418,938,163,9,18,314,57,21,304,209,7,16,102,33,81,0.27767910005920665,0.347246891651865
barremi01,1054,3512,398,925,220,21,98,424,11,17,279,480,38,28,22,32,105,0.26338268792710706,0.4216970387243736
barrere01,253,398,17,54,11,0,0,29,0,0,5,83,0,1,52,0,9,0.135678391959799,0.16331658291457288
barreti01,4,2,0,0,0,0,0,0,0,0,0,2,0,0,0,0,0,0.0,0.0
barreto01,54,84,9,17,1,0,0,4,0,0,10,15,0,1,5,0,1,0.20238095238095238,0.21428571428571427
barrifr01,129,0,0,0,0,0,0,0,0,0,0,0,0,0,0,0,0,,
barrijo01,10,19,2,3,0,0,0,0,0,0,1,4,0,0,0,0,1,0.15789473684210525,0.15789473684210525
barrima01,5,0,0,0,0,0,0,0,0,0,0,0,0,0,0,0,0,,
barriyh01,5,0,0,0,0,0,0,0,0,0,0,0,0,0,0,0,0,,
barrji01,481,513,28,83,15,2,1,31,2,0,15,129,0,4,68,1,4,0.1617933723196881,0.2046783625730994
barrocu01,32,99,6,19,2,0,0,9,3,0,12,0,0,2,5,0,0,0.1919191919191919,0.21212121212121213
barrofr01,18,86,13,13,2,1,0,11,1,0,0,0,0,0,0,0,0,0.1511627906976744,0.19767441860465115
barrofr02,1,0,0,0,0,0,0,0,0,0,0,0,0,0,0,0,0,,
barrore01,10,21,3,4,1,0,0,1,2,0,1,4,0,0,0,0,0,0.19047619047619047,0.23809523809523808
barroto01,58,190,22,54,12,1,4,24,0,1,12,39,0,2,2,3,2,0.28421052631578947,0.42105263157894735
barrsc01,41,107,9,12,3,0,0,2,2,0,14,0,0,2,4,0,0,0.11214953271028037,0.14018691588785046
barrst01,24,0,0,0,0,0,0,0,0,0,0,0,0,0,0,0,0,,
barryed01,12,23,3,2,1,0,0,2,0,0,2,0,0,0,2,0,0,0.08695652173913043,0.13043478260869565
barryha01,3,4,0,0,0,0,0,0,0,0,1,0,0,0,0,0,0,0.0,0.0
barryja01,1223,4146,532,1009,142,38,10,429,153,18,396,142,0,76,284,0,0,0.24336710082006754,0.3031837916063676
barryje01,104,217,25,53,18,0,5,28,0,4,22,48,1,2,0,4,4,0.24423963133640553,0.39631336405529954
barryke01,20,2,0,0,0,0,0,0,0,0,0,1,0,0,0,0,0,0.0,0.0
barryri01,20,32,4,6,1,0,0,0,0,0,5,6,0,1,0,0,2,0.1875,0.21875
barrysh01,1100,4014,516,1073,128,47,10,391,140,0,279,0,0,37,135,0,0,0.26731439960139514,0.33009466865969106
barryto01,1,0,0,0,0,0,0,0,0,0,0,0,0,0,0,0,0,,
bartedi01,2016,7629,1130,2165,442,71,79,710,109,3,748,627,0,97,269,0,102,0.2837855551186263,0.3914012321405165
barteki01,243,416,69,90,12,5,4,33,36,19,36,141,1,3,16,2,4,0.21634615384615385,0.2980769230769231
barthbo01,7,0,0,0,0,0,0,0,0,0,0,0,0,0,0,0,0,,
barthji01,3,3,0,0,0,0,0,0,0,0,0,1,0,0,0,0,0,0.0,0.0
barthjo01,4,3,0,1,0,1,0,2,0,0,0,0,0,0,0,0,0,0.3333333333333333,1.0
barthle01,9,8,0,1,1,0,0,1,0,0,0,5,0,0,0,0,0,0.125,0.25
bartito01,124,355,32,78,10,3,0,16,3,3,26,37,0,0,5,0,0,0.21971830985915494,0.2647887323943662
bartlbi01,19,25,2,3,0,1,0,0,0,0,1,0,0,0,0,0,0,0.12,0.2
bartlbo01,9,21,0,1,0,0,0,1,0,0,1,3,0,0,1,0,0,0.047619047619047616,0.047619047619047616
bartlir01,14,46,5,8,1,1,0,5,0,0,3,7,0,0,2,0,0,0.17391304347826086,0.2391304347826087
bartlja01,892,3141,435,849,156,26,31,286,123,37,275,526,8,48,31,26,61,0.2702960840496657,0.36612543775867556
bartobo01,393,1049,54,237,31,3,9,66,3,6,87,168,18,5,6,6,33,0.2259294566253575,0.2869399428026692
bartobr01,83,153,23,41,9,2,2,13,3,2,19,39,0,2,4,1,5,0.2679738562091503,0.39215686274509803
bartocl01,53,1,0,1,0,0,0,0,0,0,0,0,0,0,0,0,0,1.0,1.0
bartoda01,24,47,9,12,1,0,0,1,0,0,6,3,0,0,0,0,0,0.2553191489361702,0.2765957446808511
bartoda02,551,1744,242,431,94,11,30,184,13,7,290,348,10,14,19,18,25,0.24713302752293578,0.36525229357798167
bartoha01,29,60,5,10,2,1,0,3,2,0,3,0,0,0,2,0,0,0.16666666666666666,0.23333333333333334
bartosh01,73,0,0,0,0,0,0,0,0,0,0,0,0,0,1,0,0,,
bartovi01,102,373,64,87,12,4,16,65,1,0,29,62,0,10,2,0,0,0.23324396782841822,0.4155495978552279
bartsch01,26,78,7,13,1,0,0,6,2,0,11,12,0,1,0,0,0,0.16666666666666666,0.1794871794871795
barziph01,1,0,0,0,0,0,0,0,0,0,0,0,0,0,0,0,0,,
basakch01,5,1,0,0,0,0,0,0,0,0,0,0,0,0,0,0,0,0.0,0.0
basgamo01,200,512,52,110,15,3,4,41,1,0,46,51,0,2,7,0,17,0.21484375,0.279296875
bashaal01,8,17,3,2,0,0,0,0,0,0,3,0,0,0,0,0,0,0.11764705882352941,0.11764705882352941
bashowa01,10,10,1,2,0,0,0,0,0,0,1,3,0,0,0,0,0,0.2,0.2
basined01,203,602,58,147,19,7,4,59,1,0,35,70,0,6,21,0,17,0.2441860465116279,0.31893687707641194
baskeji01,35,47,5,8,1,1,0,3,0,0,6,0,0,2,1,0,0,0.1702127659574468,0.23404255319148937
bassan01,130,38,3,4,0,1,0,6,1,0,0,17,0,0,1,0,0,0.10526315789473684,0.15789473684210525
bassbr01,101,2,0,0,0,0,0,0,0,0,0,1,0,0,0,0,0,0.0,0.0
bassdi01,1,2,0,0,0,0,0,0,0,0,0,0,0,0,0,0,0,0.0,0.0
bassdo01,2,1,1,1,0,0,0,0,1,0,0,0,0,0,0,0,0,1.0,1.0
bassech01,917,3493,392,806,114,49,15,402,116,0,239,312,0,27,0,0,0,0.23074720870312052,0.3043229315774406
bassich01,24,2,0,0,0,0,0,0,0,0,0,1,0,0,0,0,0,0.0,0.0
bassjo01,25,100,19,29,2,10,3,19,0,1,3,4,0,0,0,0,0,0.29,0.6
basske01,1571,4839,609,1308,248,40,118,611,151,73,357,668,63,37,28,30,112,0.2703037817730936,0.41124199214713786
bassljo01,811,2319,250,704,99,16,1,318,13,8,437,81,0,10,92,0,0,0.3035791289348857,0.3613626563173782
bassno01,66,82,5,8,0,0,1,6,0,0,3,48,0,0,4,0,0,0.0975609756097561,0.13414634146341464
bassra01,130,325,24,69,6,2,9,42,0,1,30,51,2,4,3,4,8,0.2123076923076923,0.3261538461538461
bastaan01,341,8,0,0,0,0,0,0,0,0,1,5,0,0,1,0,0,0.0,0.0
bastich01,504,1806,241,342,49,26,11,144,57,0,179,308,0,15,0,0,0,0.1893687707641196,0.26356589147286824
batchem01,348,1253,134,315,38,22,7,98,37,0,65,0,0,3,40,0,0,0.25139664804469275,0.33359936153232245
batchjo01,11,3,0,0,0,0,0,0,0,0,1,2,0,0,0,0,0,0.0,0.0
batchri01,43,2,0,0,0,0,0,0,0,0,0,1,0,0,0,0,0,0.0,0.0
batemjo01,1017,3330,250,765,123,18,81,375,10,10,172,610,69,27,25,31,123,0.22972972972972974,0.3504504504504504
batesaa01,5,11,2,4,2,0,0,2,0,0,1,4,0,0,0,0,0,0.36363636363636365,0.5454545454545454
batesbi01,29,48,11,6,1,0,0,2,8,1,4,10,0,0,1,1,2,0.125,0.14583333333333334
batesbu01,15,58,8,15,2,0,1,2,1,0,2,8,0,0,2,0,3,0.25862068965517243,0.3448275862068966
batesch01,9,38,5,9,2,2,0,2,3,1,3,5,0,0,0,0,0,0.23684210526315788,0.39473684210526316
batesde01,22,60,1,8,2,0,0,1,0,1,6,15,1,4,0,0,2,0.13333333333333333,0.16666666666666666
batesdi01,1,0,0,0,0,0,0,0,0,0,0,0,0,0,0,0,0,,
batesfr01,27,77,9,16,1,0,0,5,0,0,12,0,0,1,1,0,0,0.2077922077922078,0.22077922077922077
batesja01,319,677,88,162,38,5,12,69,5,8,88,152,6,7,3,1,18,0.23929098966026588,0.36336779911373707
batesjo01,1,4,0,0,0,0,0,0,0,0,0,2,0,0,0,0,0,0.0,0.0
batesjo02,1154,3913,565,1087,167,73,25,417,187,0,503,190,0,49,132,0,0,0.27779197546639406,0.3769486327625863
batesra01,154,515,51,120,20,9,2,70,15,0,24,48,0,7,15,0,0,0.23300970873786409,0.31844660194174756
bathebi01,121,183,15,39,4,1,8,29,0,0,9,39,2,1,6,2,4,0.21311475409836064,0.3770491803278688
batiske01,6,8,1,2,0,0,0,0,0,0,0,5,0,0,0,0,0,0.25,0.25
batiski01,251,658,59,154,23,1,10,64,4,6,14,120,5,2,3,7,25,0.23404255319148937,0.31762917933130697
batismi01,658,311,20,28,5,0,2,9,0,0,11,173,0,0,28,1,6,0.09003215434083602,0.12540192926045016
batisra01,22,25,2,7,1,0,0,2,0,0,1,10,1,0,0,0,1,0.28,0.32
batisto01,1309,4568,625,1146,226,17,221,718,47,26,287,790,27,47,10,47,109,0.2508756567425569,0.4529334500875657
batscbi01,1,0,0,0,0,0,0,0,0,0,1,0,0,0,0,0,0,,
battala01,2,4,0,1,0,0,0,0,0,0,2,1,0,0,0,0,0,0.25,0.25
batteea01,1141,3586,393,969,150,17,104,449,13,12,421,470,42,28,39,30,127,0.2702175125488009,0.4085331846068042
battege01,1,3,0,0,0,0,0,0,0,0,0,0,0,0,0,0,0,0.0,0.0
battijo01,480,1953,228,439,51,25,3,143,26,5,40,36,0,1,0,0,0,0.22478238607270865,0.28110599078341014
battlal01,108,248,33,57,8,0,1,7,13,5,32,52,1,3,4,1,3,0.22983870967741934,0.27419354838709675
battlho01,29,37,5,9,0,0,1,5,1,0,6,13,0,0,0,0,1,0.24324324324324326,0.32432432432432434
battlji01,6,8,1,3,0,1,0,0,0,0,0,1,0,0,1,0,0,0.375,0.625
battoch01,2,0,0,0,0,0,0,0,0,0,0,0,0,0,0,0,0,,
battsma01,546,1605,163,432,95,11,26,220,6,4,143,163,0,3,16,5,52,0.2691588785046729,0.39065420560747666
baueral01,7,23,3,5,0,0,0,0,0,0,0,4,0,0,0,0,0,0.21739130434782608,0.21739130434782608
bauerha01,1544,5145,833,1424,229,57,164,703,50,33,521,638,11,34,51,25,95,0.27677356656948493,0.439067055393586
bauerlo01,1,0,0,0,0,0,0,0,0,0,0,0,0,0,0,0,0,,
bauerri01,187,0,0,0,0,0,0,0,0,0,0,0,0,0,0,0,0,,
bauerru01,129,207,13,50,4,2,0,13,0,0,8,41,0,0,5,0,1,0.24154589371980675,0.28019323671497587
bauertr01,65,13,0,1,0,0,0,0,0,0,1,5,0,0,1,0,0,0.07692307692307693,0.07692307692307693
baughju01,79,218,28,55,11,1,1,20,13,4,7,38,0,1,5,3,4,0.25229357798165136,0.3256880733944954
baumafr01,246,225,16,49,8,2,2,24,1,1,26,90,0,0,7,2,0,0.21777777777777776,0.29777777777777775
baumapa01,299,904,118,248,30,13,4,101,30,10,81,76,0,9,31,0,0,0.2743362831858407,0.3495575221238938
baumeji01,18,34,2,7,1,1,0,2,0,0,2,10,0,2,1,0,0,0.20588235294117646,0.29411764705882354
baumgge01,124,215,15,31,5,1,0,13,1,0,30,49,0,1,5,0,0,0.14418604651162792,0.17674418604651163
baumgha01,9,4,0,1,0,0,0,1,0,0,1,1,0,0,0,0,0,0.25,0.25
baumgjo01,7,27,3,5,0,0,0,2,0,0,0,5,0,0,0,0,0,0.18518518518518517,0.18518518518518517
baumgro01,92,12,0,1,0,0,0,0,0,0,0,4,0,0,0,0,0,0.08333333333333333,0.08333333333333333
baumgst01,154,158,16,30,5,1,0,9,0,0,13,31,0,0,7,0,0,0.189873417721519,0.23417721518987342
baumhfr01,1019,3477,450,1010,165,51,25,272,30,20,258,258,2,17,45,10,57,0.2904802991084268,0.38884095484613174
bausege01,7,21,1,1,0,0,0,0,2,0,4,8,0,0,0,0,0,0.047619047619047616,0.047619047619047616
bautaed01,97,17,0,3,0,0,0,0,0,0,0,4,0,0,1,0,0,0.17647058823529413,0.17647058823529413
bautida01,895,2517,317,685,121,19,62,319,37,16,149,409,12,15,20,17,75,0.2721493841875248,0.40921732220897894
bautide01,131,8,0,2,0,0,0,2,0,0,0,4,0,0,0,0,0,0.25,0.25
bautijo01,314,50,2,5,0,0,0,1,0,0,1,17,0,0,4,0,0,0.1,0.1
bautijo02,1403,4716,810,1212,243,16,286,793,58,24,794,1010,52,63,23,46,131,0.25699745547073793,0.4972434266327396
baxesji01,88,280,39,69,12,0,17,39,1,1,25,54,0,1,2,0,15,0.24642857142857144,0.4714285714285714
baxesmi01,146,337,40,73,13,2,1,13,1,7,39,39,1,3,6,0,6,0.2166172106824926,0.27596439169139464
baxtemi01,232,417,52,95,23,4,4,28,10,5,55,100,5,13,0,4,7,0.2278177458033573,0.33093525179856115
baxtemo01,6,21,1,4,0,0,0,0,0,0,0,0,0,0,0,0,0,0.19047619047619047,0.19047619047619047
bayha01,675,2640,413,722,65,42,5,141,169,0,195,0,0,18,107,0,0,0.2734848484848485,0.33560606060606063
bayja01,1278,4505,737,1200,240,30,222,754,95,17,636,1216,38,56,7,54,84,0.2663706992230855,0.48079911209766923
bayledi01,19,71,7,16,1,0,1,3,0,0,6,0,0,2,1,0,0,0.22535211267605634,0.28169014084507044
baylijo01,61,0,0,0,0,0,0,0,0,0,0,0,0,0,0,0,0,,
baylodo01,2292,8198,1236,2135,366,28,338,1276,285,120,805,1069,91,267,16,115,196,0.2604293730178092,0.43559404732861673
baynebi01,199,214,24,62,8,2,1,13,0,2,10,42,0,3,4,0,0,0.2897196261682243,0.3598130841121495
bazaryo01,25,11,0,0,0,0,0,0,0,0,0,4,0,0,0,0,0,0.0,0.0
beachbr01,49,85,5,10,1,0,0,5,0,0,5,47,0,0,11,0,0,0.11764705882352941,0.12941176470588237
beachja01,8,31,3,3,2,0,0,0,0,0,0,0,0,0,0,0,0,0.0967741935483871,0.16129032258064516
beallbo01,148,234,32,54,12,0,1,18,4,5,45,41,0,1,3,2,4,0.23076923076923078,0.2948717948717949
bealljo01,58,170,18,43,4,1,3,17,2,1,11,25,0,2,6,0,0,0.2529411764705882,0.3411764705882353
beallwa01,36,35,3,4,0,0,0,3,0,0,5,11,0,0,1,0,0,0.11428571428571428,0.11428571428571428
bealsto01,123,539,109,131,15,16,0,66,4,1,8,11,0,0,0,0,0,0.24304267161410018,0.3302411873840445
beamal01,2,6,0,1,1,0,0,0,0,0,0,2,0,0,0,0,0,0.16666666666666666,0.3333333333333333
beamer01,10,11,2,2,0,0,0,0,1,0,0,4,0,1,0,0,0,0.18181818181818182,0.18181818181818182
beamoch01,28,17,1,0,0,0,0,1,0,0,1,9,0,0,1,0,0,0.0,0.0
beamoch02,45,51,8,10,2,0,0,0,1,0,3,8,0,0,0,0,1,0.19607843137254902,0.23529411764705882
beamotr01,95,158,16,40,9,0,0,15,3,3,11,36,0,1,2,0,4,0.25316455696202533,0.310126582278481
beamtj01,52,5,0,0,0,0,0,0,0,0,0,3,0,0,1,0,0,0.0,0.0
beanbe01,86,72,11,19,5,0,1,6,0,0,4,17,0,0,1,0,0,0.2638888888888889,0.375
beanbi01,272,478,42,108,20,2,5,53,3,8,25,84,2,4,4,8,9,0.22594142259414227,0.3075313807531381
beanco01,6,0,0,0,0,0,0,0,0,0,0,0,0,0,0,0,0,,
beanebi01,148,301,30,66,14,0,3,29,5,5,11,80,0,0,2,1,8,0.21926910299003322,0.2956810631229236
beanjo01,48,176,13,39,2,1,0,5,9,0,5,0,0,1,7,0,0,0.2215909090909091,0.24431818181818182
beardda01,172,0,0,0,0,0,0,0,0,0,0,0,0,0,0,0,0,,
beardge01,212,288,35,68,10,1,4,32,0,0,14,42,0,0,9,0,7,0.2361111111111111,0.3194444444444444
beardmi01,74,10,0,1,0,0,0,0,0,0,1,6,0,0,1,0,0,0.1,0.1
beardol01,331,1307,195,353,34,34,4,173,73,0,112,61,0,4,0,0,0,0.2700841622035195,0.35730680948737564
beardra01,13,17,1,1,0,0,0,0,0,0,1,8,0,0,0,0,0,0.058823529411764705,0.058823529411764705
beardte01,194,474,80,94,11,6,6,35,16,2,78,107,2,3,7,0,6,0.19831223628691982,0.2848101265822785
bearega01,23,0,0,0,0,0,0,0,0,0,0,0,0,0,0,0,0,,
bearnla01,173,62,4,10,3,1,0,3,0,0,1,25,0,1,0,0,1,0.16129032258064516,0.24193548387096775
bearske01,3,0,0,0,0,0,0,0,0,0,0,0,0,0,0,0,0,,
beaslch01,22,0,0,0,0,0,0,0,0,0,0,0,0,0,0,0,0,,
beaslle01,25,32,5,7,1,0,0,3,1,1,2,2,0,0,2,1,0,0.21875,0.25
beatied01,114,388,46,56,5,5,4,38,3,0,32,90,0,0,0,0,0,0.14432989690721648,0.21391752577319587
beatlda01,1,3,0,0,0,0,0,0,0,0,0,2,0,0,0,0,0,0.0,0.0
beatope01,84,0,0,0,0,0,0,0,0,0,0,0,0,0,0,0,0,,
beattbl01,7,2,0,1,0,0,0,0,0,0,0,0,0,0,0,0,0,0.5,0.5
beattde01,2,3,0,0,0,0,0,1,0,0,0,0,0,0,1,0,0,0.0,0.0
beattji01,203,0,0,0,0,0,0,0,0,0,0,0,0,0,0,0,0,,
beaucji01,393,661,79,153,18,4,14,90,6,5,54,150,6,3,0,12,11,0.2314674735249622,0.33434190620272314
beaumgi01,1463,5660,955,1759,182,82,39,617,254,0,425,14,0,30,166,0,0,0.3107773851590106,0.39257950530035335
beavabl01,54,2,0,0,0,0,0,0,0,0,0,1,0,0,1,0,0,0.0,0.0
beaveed01,13,58,13,15,2,0,0,7,2,0,1,0,0,0,0,0,0,0.25862068965517243,0.29310344827586204
beazljo01,76,120,9,18,3,2,0,13,0,0,5,55,0,0,15,0,1,0.15,0.20833333333333334
becanbu01,12,41,3,10,0,0,0,2,0,0,1,2,0,1,0,0,0,0.24390243902439024,0.24390243902439024
bechlst01,3,0,0,0,0,0,0,0,0,0,0,0,0,0,0,0,0,,
bechtge01,221,1041,215,288,48,11,3,165,17,2,21,12,0,0,0,0,0,0.276657060518732,0.3525456292026897
beckbo01,266,327,17,61,14,0,0,20,0,0,4,46,0,0,19,0,13,0.18654434250764526,0.22935779816513763
beckch01,18,0,0,0,0,0,0,0,0,0,0,0,0,0,0,0,0,,
beckch02,1,0,0,0,0,0,0,0,0,0,0,0,0,0,0,0,0,,
beckcl01,468,1525,203,354,56,11,12,162,9,0,184,180,0,5,44,0,0,0.2321311475409836,0.30688524590163935
beckebe01,876,2764,367,763,114,43,45,292,129,15,241,231,0,5,81,0,0,0.27604920405209843,0.39725036179450074
beckebo01,6,10,1,1,0,0,0,1,0,0,3,0,0,0,0,0,0,0.1,0.1
beckech01,15,24,1,6,0,0,0,0,0,0,1,0,0,0,1,0,0,0.25,0.25
beckegl01,1320,5208,685,1473,196,31,22,360,49,25,260,243,3,19,58,27,114,0.2828341013824885,0.3450460829493088
beckehe01,55,137,9,25,2,0,0,13,0,0,8,0,0,3,5,0,0,0.18248175182481752,0.19708029197080293
beckehe02,152,358,45,94,18,3,2,47,1,0,50,42,0,4,0,0,8,0.26256983240223464,0.3463687150837989
beckejo01,40,83,8,20,5,2,1,13,0,0,8,8,0,1,0,0,0,0.24096385542168675,0.3855421686746988
beckejo02,335,289,19,41,12,0,3,18,0,0,12,110,0,0,33,1,4,0.14186851211072665,0.21453287197231835
beckema01,17,52,5,13,2,0,0,3,3,0,2,9,0,0,5,0,0,0.25,0.28846153846153844
becker01,232,912,122,265,42,11,9,123,12,0,30,0,0,2,9,0,0,0.2905701754385965,0.39035087719298245
beckeri01,789,2227,345,570,100,12,45,243,66,26,350,616,4,12,19,12,44,0.2559497081275258,0.3722496632240683
beckero01,7,0,0,0,0,0,0,0,0,0,0,0,0,0,0,0,0,,
beckfr01,8,32,2,6,2,0,0,0,0,0,0,0,0,0,0,0,0,0.1875,0.25
